Date,GF_NDVI,GF_EVI,GF_LSWI,Mod17_GPP,PAR_8D,GPP_8D,TA_8D,Precipitation_8D
2007/1/1,0.809026694,0.320900788,0.448847799,0.075,,0.001735837142857143,2.8097142857142856,25.607
2007/1/9,0.82173913,0.307504576,0.50990991,0.0,7.891251428201143,0.002183112857142857,-5.664285714285714,0.0
2007/1/17,0.768726592,0.323521299,0.483313702,0.0,13.851874285302861,0.002193134285714286,-9.822714285714286,0.0
2007/1/25,0.83074451,0.311145883,0.485441113,0.0,17.35842857184,0.0020277442857142857,-14.371,0.0
2007/2/2,0.684633573,0.311177458,0.587097191,0.0,16.819148572662854,0.002144114285714286,-13.123857142857146,0.0
2007/2/10,0.538522637,0.311209033,0.688753269,0.0,20.26643142770743,0.0023117371428571427,-10.373142857142856,0.0
2007/2/18,0.651400938,0.318051042,0.574035427,0.0875,23.113722855497144,0.0024815842857142854,-7.913714285714285,0.0
2007/2/26,0.764279238,0.324893051,0.459317585,0.4875,19.499991428118857,0.09218961999999999,-2.8122857142857147,2.0
2007/3/6,0.745335095,0.344625952,0.436368489,0.2125,27.14672571552,0.19789574285714284,-4.9104285714285725,3.7
2007/3/14,0.726390952,0.364358852,0.413419393,1.95,21.07218857142857,0.0,-2.3164285714285713,12.9
2007/3/22,0.707446809,0.384091753,0.390470297,1.1375,32.30215714203429,0.28951171428571426,3.219,1.0
2007/3/30,0.702087878,0.402925817,0.332195122,1.0375,24.392005715067434,1.9849614285714285,0.9964285714285716,13.2
2007/4/7,0.632346811,0.337291,0.476621418,2.2,30.112457143268564,4.173887142857143,1.4798571428571425,9.399999999999999
2007/4/15,0.700146694,0.351934339,0.418464851,3.6375,35.022162857513145,5.019101428571429,6.046714285714286,80.6
2007/4/23,0.767946578,0.366577679,0.360308285,5.4125,27.56388857146972,3.8392294285714286,7.3149999999999995,20.0
2007/5/1,0.761239139,0.392114891,0.326315789,5.8125,51.781474285302856,3.7495814285714286,10.172285714285712,0.0
2007/5/9,0.769136308,0.371255829,0.315276932,4.95,38.65731428616685,5.324942857142857,12.172285714285715,25.4
2007/5/17,0.744482437,0.444193034,0.313362977,6.475,38.082342857142855,6.052549999999999,10.043571428571427,35.0
2007/5/25,0.796014068,0.499007864,0.312486614,8.4125,41.28374571469714,5.495557142857142,15.722857142857142,6.6
2007/6/2,0.804815214,0.526166725,0.338158822,10.6375,38.04379714244571,6.989662857142856,14.863571428571428,20.3
2007/6/10,0.81361636,0.553325587,0.36383103,9.7875,54.204865713462866,9.638175714285714,18.339428571428574,0.8
2007/6/18,0.833571429,0.451800232,0.434078212,10.1875,44.329808571840005,9.330012857142858,17.342000000000002,3.7
2007/6/26,0.834325654,0.572753767,0.408467501,9.45,51.89973428530287,9.463457142857143,17.65885714285714,11.6
2007/7/4,0.847914184,0.616785157,0.387755102,9.0875,33.812100001234285,9.723228571428573,17.61885714285714,9.0
2007/7/12,0.843155148,0.564147054,0.367219785,9.6625,36.83062285714285,9.394615714285715,19.076857142857143,12.0
2007/7/20,0.838396112,0.511508951,0.346684468,8.6125,46.1565,10.535770000000001,21.91842857142857,0.30000000000000004
2007/7/28,0.801759531,0.496549219,0.291298865,4.8125,48.13655142815999,8.94092,23.52042857142857,5.6
2007/8/5,0.843482906,0.565686239,0.371076679,8.5875,40.000551426514285,8.49218142857143,19.051571428571428,16.299999999999997
2007/8/13,0.872183531,0.422219578,0.428571429,8.5375,40.33535142774857,8.100977142857143,16.45,1.4000000000000001
2007/8/21,0.863439931,0.404077175,0.412381264,4.325,37.75502571391543,7.341299999999999,19.208428571428573,11.3
2007/8/29,0.852686308,0.394610202,0.374919614,6.5125,35.98451999876571,6.090261428571429,16.588428571428572,12.100000000000001
2007/9/6,0.842615012,0.410926553,0.378207063,7.1625,27.980562857142857,5.273308571428572,17.226,11.2
2007/9/14,0.811646298,0.435084204,0.330517423,6.5,33.945119999218285,4.985128571428571,13.28657142857143,2.1
2007/9/22,0.811149033,0.41868932,0.40760389,5.1875,29.41253999917714,5.706405714285714,17.601714285714284,13.5
2007/9/30,0.753554502,0.414787761,0.315054582,3.2875,26.71467428653714,6.03466142857143,14.089857142857143,2.6
2007/10/8,0.732173913,0.3350577,0.320079523,3.7375,16.882148571469717,3.1578804285714286,9.854,56.8
2007/10/16,0.760596181,0.327333226,0.367088608,2.55,18.40656857233371,2.7442957142857147,13.391428571428571,15.0
2007/10/24,0.808695652,0.341423618,0.349675559,1.2375,19.156294284438857,3.1367582857142855,6.828428571428572,18.5
2007/11/1,0.79109063,0.318740716,0.321995465,0.675,13.007340000905142,0.7474502285714285,3.3045714285714283,71.2
2007/11/9,0.79969651,0.326127315,0.328603435,0.45,10.382219999588571,0.7707971428571428,3.067857142857143,36.0
2007/11/17,0.766223612,0.378583018,0.32960565,0.2,9.603591429065144,0.5078658571428571,-1.6035714285714289,15.600000000000001
2007/11/25,0.757914339,0.324354479,0.326308395,0.0,8.557817143392,0.15763532857142856,-2.282,21.400000000000002
2007/12/3,0.321013005,0.323284776,0.714539532,0.0125,9.118722855949713,0.005663785714285714,-7.804857142857143,0.0
2007/12/11,0.679107081,0.36953386,0.579396325,0.025,8.368251428159999,0.0009401908571428572,-9.224142857142857,2.3
2007/12/19,0.564222549,0.38216034,0.626776814,0.0625,8.257834285590857,0.03908223857142857,-2.7192857142857148,16.1
2007/12/27,0.449338017,0.39478682,0.674157303,0.0,7.192054285179428,0.002313442857142857,-6.071857142857143,1.6
2008/1/1,0.449338017,0.39478682,0.674157303,0.2375,9.438840000082287,0.0,-5.539,8.3
2008/1/9,0.657290896,0.367869423,0.509777478,0.0,10.748391428201142,0.0,-2.4365714285714284,11.4
2008/1/17,0.668016103,0.370359378,0.514742995,0.0125,13.240054286043428,0.0,-8.95957142857143,6.7
2008/1/25,0.67874131,0.372849333,0.519708513,0.0375,12.910371428982856,0.005403802857142857,-6.524,6.2
2008/2/2,0.546516008,0.328429153,0.649658497,0.0,11.736128570687997,0.109957,-5.5765714285714285,0.2
2008/2/10,0.45881035,0.362392666,0.65260252,0.1125,17.52125142853029,0.4323364,-7.827285714285714,0.4
2008/2/18,0.371104693,0.396356179,0.655546543,0.0375,25.28004857225143,0.9364357142857144,-6.428285714285714,1.2
2008/2/26,0.283399036,0.430319691,0.658490566,0.075,18.6203828592,0.023529571428571427,-5.115714285714285,4.7
2008/3/5,0.471791261,0.414871213,0.545748292,0.175,23.679900001275424,0.024975514285714286,-2.945571428571428,57.6
2008/3/13,0.660183486,0.399422735,0.433006018,0.175,21.13866000041143,0.13478732857142856,-2.181714285714286,0.8999999999999999
2008/3/21,0.673250351,0.395333567,0.427177421,0.55,33.80276571428571,0.051747157142857145,-3.3404285714285713,12.1
2008/3/29,0.686317216,0.391244399,0.421348824,1.375,27.253697142898282,0.04397091571428572,1.8377142857142859,28.9
2008/4/6,0.699384081,0.387155231,0.415520227,3.9375,37.08601714326857,1.9814805714285713,4.237857142857142,7.2
2008/4/14,0.712450945,0.383066063,0.40969163,4.55,49.150877144091424,4.297847142857142,9.059571428571429,0.0
2008/4/22,0.757525084,0.360252893,0.350032113,4.375,36.60263999954743,4.2233214285714284,6.183428571428571,68.5
2008/4/30,0.7088649,0.402055735,0.261531031,5.5,41.94732857307429,5.401358571428571,8.78,9.3
2008/5/8,0.706443004,0.359373182,0.271229764,3.4625,52.371437144091416,6.985964285714286,11.783857142857142,0.0
2008/5/16,0.716642121,0.440840732,0.265306122,7.6125,35.34408,5.686172857142857,10.844428571428569,5.6
2008/5/24,0.77274388,0.405732044,0.292488013,7.425,47.63203714281599,6.82068,13.336,18.7
2008/6/1,0.707148157,0.537790151,0.325777949,9.775,31.917265715478862,3.028795,14.794285714285712,21.000000000000004
2008/6/9,0.820584145,0.45138092,0.367101828,5.4875,45.953665713462854,5.1564947142857145,17.667285714285715,12.1
2008/6/17,0.816105376,0.487727564,0.340687978,6.1125,31.19142857101714,8.843924285714285,16.55857142857143,1.5
2008/6/25,0.811626607,0.524074208,0.314274128,9.8625,27.999591428982853,6.571225714285715,18.519571428571428,13.7
2008/7/3,0.870024876,0.523538657,0.405468567,9.175,56.694059999999986,10.829985714285714,21.79642857142857,0.0
2008/7/11,0.831557057,0.557627946,0.352139704,9.15,46.88325000144,8.964577142857143,20.27114285714286,4.6
2008/7/19,0.826284417,0.527335966,0.333747927,7.4625,,10.588320000000001,20.410714285714285,46.800000000000004
2008/7/27,0.836031691,0.475583947,0.426659529,1.7875,,8.256998571428571,19.65142857142857,10.5
2008/8/4,0.846939834,0.484872874,0.40592054,7.6875,,9.99241857142857,17.441714285714287,17.800000000000004
2008/8/12,0.857847976,0.494161802,0.385181551,9.1375,37.579428000576,9.760068571428572,18.630142857142857,3.9
2008/8/20,0.863282849,0.42415832,0.416744476,8.8875,41.808816027977144,9.25417,18.543857142857142,0.712
2008/8/28,0.826153846,0.41953125,0.315964523,7.0625,36.153355020068574,8.865571428571428,18.75057142857143,2.2
2008/9/5,0.831247477,0.407093993,0.36626506,6.2375,23.995645122363435,4.946755714285715,15.047285714285715,40.6
2008/9/13,0.837218814,0.408582834,0.35997578,4.225,32.24890189584,4.8947259999999995,12.298142857142858,2.847
2008/9/21,0.833059211,0.405378366,0.417488076,1.1625,23.760798166656002,5.123854285714286,12.331571428571428,56.599999999999994
2008/9/29,0.782439652,0.374060945,0.373689164,4.0375,15.472291847986286,4.560594285714286,9.296571428571427,26.402
2008/10/7,0.731820092,0.342743523,0.329890252,2.375,20.990089178701712,2.3394714285714286,10.957142857142856,1.7
2008/10/15,0.788270378,0.32501332,0.349081365,1.3875,18.755318655977142,1.716170285714286,5.4590000000000005,11.8
2008/10/23,0.7868676,0.302678978,0.325349301,1.4125,10.948530891209142,2.017479285714286,7.286571428571427,34.928000000000004
2008/10/31,0.794928335,0.30245826,0.33442623,0.9,12.121735752864002,3.0465557142857143,6.509714285714286,18.447
2008/11/8,0.796306069,0.314244065,0.348652932,0.3,7.4555880098194285,1.5979984285714288,5.049857142857143,32.815
2008/11/16,0.710714286,0.31681592,0.325951557,0.525,12.763243095264002,0.4693694028571428,-3.458714285714286,0.0
2008/11/24,0.797752809,0.309747382,0.391880696,0.2875,6.588551064877713,0.6662974857142858,0.17728571428571432,48.701
2008/12/2,0.764517421,0.372502342,0.333535109,0.05,7.894406990715428,0.12643638571428573,-5.033714285714285,0.0
2008/12/10,0.579104822,0.354302793,0.495145059,0.0,5.612668532886857,0.03502001428571429,-5.163000000000001,36.4
2008/12/18,0.393692224,0.336103245,0.65675501,0.05,8.638536467314285,0.10269877142857142,-10.999857142857142,5.501
2008/12/26,0.621861152,0.366948488,0.5470236,0.0,8.403717663318854,0.07753545714285714,-6.761428571428572,14.200000000000001
2009/1/1,0.507850268,0.349238007,0.590931155,0.0,10.630936802838857,0.030695107142857142,-9.334571428571426,0.0
2009/1/9,0.393839384,0.331527527,0.63483871,0.0,12.851366992498285,0.05766837142857143,-12.681,0.0
2009/1/17,0.39628483,0.369372836,0.657072872,0.0,11.967566444064001,0.0599883,-12.013714285714286,0.0
2009/1/25,0.557392814,0.352276909,0.585739528,0.0125,15.300533292109714,0.05224404285714286,-11.990714285714285,0.0
2009/2/2,0.718500797,0.335180983,0.514406184,0.0,14.740222777673143,0.02266744285714286,-8.344999999999999,2.6999999999999997
2009/2/10,0.697892986,0.340614726,0.512246767,0.025,15.87532762211657,0.06441472857142856,-3.9388571428571426,16.4
2009/2/18,0.677285174,0.346048469,0.51008735,0.0125,17.63359243422171,0.030673370000000002,-4.526142857142857,0.202
2009/2/26,0.656677363,0.351482212,0.507927932,0.3375,16.979315237362282,0.0,-6.09042857142857,6.353
2009/3/6,0.636069551,0.356915956,0.505768515,0.45,19.360260577357714,0.0008569444285714286,-0.5032857142857142,14.1
2009/3/14,0.641880054,0.366000588,0.449562589,0.9875,32.36924652233143,0.009795885714285715,-0.09514285714285707,0.0
2009/3/22,0.647690557,0.37508522,0.393356663,0.3375,32.631535249508566,0.034417597142857144,0.6594285714285714,0.5
2009/3/30,0.653501059,0.384169852,0.337150737,2.2625,16.218071944374856,1.968479857142857,4.021285714285715,21.804
2009/4/7,0.659311562,0.393254484,0.28094481,2.9875,26.66469192850286,2.9210885714285717,3.906857142857143,9.627
2009/4/15,0.682336182,0.362042251,0.265809218,5.175,40.64875810148571,2.872607142857143,6.916857142857142,30.5
2009/4/23,0.703950104,0.331505776,0.195798074,0.5875,40.34480380992,5.830615714285715,11.330714285714285,6.1000000000000005
2009/5/1,0.739782192,0.336369679,0.268652102,5.875,26.50585769238857,3.8341179999999997,11.012285714285712,31.8
2009/5/9,0.775614279,0.341233581,0.34150613,5.725,40.94536467661714,4.769575714285715,12.414857142857143,15.6
2009/5/17,0.748780488,0.448994516,0.260105448,6.7,40.57325105677714,6.502107142857143,13.544,5.2
2009/5/25,0.776127927,0.489306546,0.34283247,7.9625,30.816318606582854,5.409284142857143,10.617428571428572,18.5
2009/6/2,0.790447248,0.475190851,0.338243738,7.8125,52.72295275090286,8.347782857142857,14.787142857142857,0.024
2009/6/10,0.804766569,0.461075156,0.333655006,4.2625,28.655989395428563,6.988695714285714,14.460285714285716,32.038
2009/6/18,0.590168176,0.442397207,0.325997843,0.4375,19.288921452603432,4.373404285714286,16.71014285714286,93.39999999999999
2009/6/26,0.718593048,0.509390647,0.349207188,7.9375,18.736075934948573,1.1195362857142857,18.603571428571428,28.8
2009/7/4,0.847017919,0.576384086,0.372416534,9.9,31.216933598976006,1.8296064285714286,16.258857142857142,22.7
2009/7/12,0.847503045,0.590061058,0.383941606,5.2875,31.734588080530287,2.4078571428571425,17.190857142857144,6.800000000000001
2009/7/20,0.852064943,0.578728262,0.385844115,8.5375,26.064848658733716,6.834855714285714,18.467714285714283,40.5
2009/7/28,0.856626841,0.567395465,0.387746625,9.7875,39.515853542399995,8.792758571428571,21.360714285714284,33.9
2009/8/5,0.842704888,0.447816577,0.391231964,9.5625,,9.098678571428573,18.700714285714287,7.1370000000000005
2009/8/13,0.847110461,0.449831022,0.338102809,8.5375,,9.607314285714285,23.44371428571429,0.335
2009/8/21,0.836698859,0.526829808,0.357560026,5.2375,,8.307004285714285,20.273714285714284,18.279999999999998
2009/8/29,0.858954041,0.427225791,0.423975721,7.85,,8.131327142857144,15.67457142857143,16.378000000000004
2009/9/6,0.844102564,0.469927674,0.400311526,5.15,,9.12993,13.945714285714287,0.41000000000000003
2009/9/14,0.792906645,0.383009728,0.377819549,4.825,28.092996001152002,7.357238571428572,11.697714285714284,1.166
2009/9/22,0.761030596,0.438893016,0.363591022,0.2375,23.67277714368,2.2504621428571427,13.097142857142858,13.9
2009/9/30,0.747181965,0.3850759,0.343260911,2.325,15.03046285759543,4.21655,10.052142857142856,24.0
2009/10/8,0.733333333,0.331258783,0.322930801,1.8375,15.254879254272,2.450155714285714,5.926571428571428,19.6
2009/10/16,0.759281926,0.364944895,0.316239316,1.7875,15.892277143721145,2.882639142857143,3.767142857142858,16.6
2009/10/24,0.781530343,0.306625259,0.288057993,1.8375,15.941777143268574,3.2091432857142856,5.267142857142858,56.7
2009/11/1,0.786585366,0.31935963,0.362262689,1.3875,16.600242857965718,2.1831094285714285,3.1729999999999996,1.6
2009/11/9,0.756578947,0.323345116,0.326943557,1.25,12.265354286166858,1.6685914285714283,6.5007142857142854,58.8
2009/11/17,0.771106942,0.332672306,0.340909091,0.7125,11.421051428982857,1.8418627142857142,3.953714285714285,9.5
2009/11/25,0.817322835,0.324307436,0.38757515,0.35,6.127765714409142,1.0681875714285716,2.8425714285714285,42.0
2009/12/3,0.386027112,0.403267974,0.594912407,0.0375,7.479539999135998,0.9243834285714286,-0.0605714285714285,17.700000000000003
2009/12/11,0.569064748,0.368421053,0.579290369,0.0,10.23336000127543,0.8731177142857144,-6.823714285714287,0.6
2009/12/19,0.469578823,0.328257368,0.63381062,0.075,6.269425714614856,0.41764471428571426,-5.819714285714285,1.9
2009/12/27,0.370092898,0.288093683,0.688330871,0.0125,7.984645713339429,0.2798823342857143,-5.554142857142858,10.1
2010/1/1,0.575795348,0.318447156,0.592777061,0.0,6.970782857019428,0.01532872,-2.4891428571428578,14.1
2010/1/9,0.781497797,0.348800629,0.497223251,0.0125,12.55026857060571,0.021021755714285714,-8.454142857142857,0.0
2010/1/17,0.72604585,0.345322231,0.52247039,0.275,6.15500400096,0.0,-5.5291428571428565,8.035
2010/1/25,0.670593903,0.341843833,0.54771753,0.0125,15.3442079994816,0.0,-5.512714285714286,13.657
2010/2/2,0.615141956,0.338365435,0.57296467,0.1125,21.054193247314288,0.06566265714285714,-9.210142857142857,0.0
2010/2/10,0.633708352,0.329870941,0.533482901,0.5625,19.568134285714287,0.34770828571428575,-2.364428571428571,0.0
2010/2/18,0.652274748,0.321376447,0.494001132,0.525,15.746708571428572,0.7984370000000001,0.8808571428571428,3.4
2010/2/26,0.670841144,0.312881954,0.454519363,1.0125,11.14009714240457,1.150040285714286,1.4897142857142855,45.900000000000006
2010/3/6,0.68940754,0.30438746,0.415037594,1.075,35.93908285590857,1.0632487142857143,2.660571428571429,0.0
2010/3/14,0.710986704,0.375934286,0.312399356,0.4375,31.168851428982858,1.9923609999999996,6.476428571428571,0.0
2010/3/22,0.722986248,0.299223483,0.323773585,3.2875,26.20617428526171,1.6366484285714284,0.32842857142857135,56.3
2010/3/30,0.70332681,0.351182333,0.324003651,3.4125,30.823508572662853,4.900697142857142,9.407285714285715,30.3
2010/4/7,0.72851296,0.403034077,0.274327382,2.6625,25.095625713092566,5.006202857142857,7.442428571428571,22.3
2010/4/15,0.72045977,0.314469195,0.30474198,2.65,31.710934286125713,5.596475714285714,6.3072857142857135,3.8999999999999995
2010/4/23,0.750000608,0.333850917,0.309272032,6.2125,29.314568570605715,5.479478571428571,8.444428571428572,17.400000000000002
2010/5/1,0.779541446,0.353232638,0.313802083,5.5875,39.60110571469715,7.016112857142857,15.18042857142857,6.6
2010/5/9,0.773063973,0.435095698,0.334177857,8.425,36.301834284068576,7.364164285714287,8.745857142857142,0.7
2010/5/17,0.727538349,0.385359437,0.358024691,7.8875,49.42630285673143,10.398157142857144,15.016714285714285,13.4
2010/5/25,0.812596959,0.484354194,0.372972973,3.6625,51.41159999917714,9.738212857142855,17.465857142857143,1.8
2010/6/2,0.833398321,0.454231547,0.40493905,8.675,28.861842858377145,7.5611814285714285,14.548285714285711,47.7
2010/6/10,0.854199683,0.424108899,0.436905127,10.425,42.58738285755428,12.541294285714287,16.391285714285715,1.1
2010/6/18,0.826229508,0.474934037,0.381105877,9.725,42.67692000082285,8.761248571428572,20.753714285714285,18.799999999999997
2010/6/26,0.854856718,0.451294746,0.408705483,8.6375,41.14529999913599,10.495297142857144,17.464428571428574,22.4
2010/7/4,0.845639826,0.48170987,0.361932939,9.575,43.44161142980571,11.06483857142857,24.315428571428576,3.0
2010/7/12,0.865654649,0.448397877,0.434909515,9.6875,42.69072857101714,12.887057142857143,23.40342857142857,1.5
2010/7/20,0.862106406,0.571058688,0.394592397,9.925,38.65818857060571,9.668705714285716,20.830142857142853,2.2
2010/7/28,0.872662157,0.435101782,0.407296651,6.825,43.788137144091415,10.611780000000001,19.827571428571428,1.2
2010/8/5,0.847870778,0.531969781,0.374099148,2.45,38.64473999835428,9.248562857142858,20.447428571428567,2.8
2010/8/13,0.85630801,0.474602751,0.406982804,6.6125,41.101842856690276,7.669165714285714,20.346857142857143,1.9
2010/8/21,0.878235858,0.373694517,0.429927007,6.9,29.437842857554283,7.236198571428572,17.98857142857143,29.1
2010/8/29,0.856935367,0.459269062,0.413878905,6.6875,40.05285428612572,8.36035,25.122857142857146,74.2
2010/9/6,0.846153846,0.533338194,0.377940859,6.6375,25.17919714285715,6.88449,14.798714285714285,19.841
2010/9/14,0.836748871,0.459943486,0.371369295,1.6375,27.12440571469714,8.641160000000001,12.550142857142857,19.2
2010/9/22,0.807599879,0.406019811,0.359013612,4.1125,12.85819714244571,4.614206571428572,13.892857142857142,19.0
2010/9/30,0.778450887,0.352096137,0.346657929,3.575,21.274508571840002,6.203697142857143,12.459999999999999,40.2
2010/10/8,0.739130435,0.374125348,0.349091957,2.8,24.976080001234287,4.535571428571428,8.375714285714285,0.0
2010/10/16,0.806253203,0.32761278,0.36377709,1.7625,15.507025714656002,3.350832857142857,6.624714285714285,15.2
2010/10/24,0.810306089,0.328502511,0.356564365,0.6875,11.977174285755426,1.884188,8.541714285714287,22.799999999999997
2010/11/1,0.814358974,0.329392242,0.34935164,1.2875,10.015491428352002,1.0820962857142857,3.6484285714285716,50.0
2010/11/9,0.783433134,0.32380481,0.303428155,0.6125,14.064377143350857,1.4238145714285715,5.041857142857144,6.5
2010/11/17,0.818273599,0.328376955,0.34052847,0.325,8.36030571510857,1.1258057142857143,1.1517142857142857,24.9
2010/11/25,0.743060498,0.389988793,0.280522876,0.0875,9.08766,1.0793115714285715,-1.510857142857143,5.9
2010/12/3,0.461442006,0.327474972,0.631210637,0.1,5.9323885717577145,0.5908234285714286,-3.0435714285714286,22.5
2010/12/11,0.651818857,0.331033443,0.631231672,0.1125,6.136045714367999,0.4005552857142857,-3.3359999999999994,41.7
2010/12/19,0.732979664,0.316847577,0.626556017,0.0,8.262282857554286,0.4066538571428571,-3.442857142857143,4.6000000000000005
2010/12/27,0.354593774,0.37850543,0.661853749,0.1,7.05252857184,0.3261302857142857,-1.9881428571428574,0.9
2011/1/1,0.354593774,0.37850543,0.661853749,0.0875,10.649519999588572,0.40143628571428575,-3.8128571428571427,0.5
2011/1/9,0.392942667,0.371790401,0.641264789,0.0,11.397882857595427,0.4123328142857143,-5.229,2.6999999999999997
2011/1/17,0.431291561,0.365075372,0.620675829,0.0,11.382788572703998,0.4219755714285714,-11.159857142857144,1.3
2011/1/25,0.469640454,0.358360342,0.600086868,0.0375,10.670091428571428,0.2074164857142857,-10.25657142857143,0.2
2011/2/2,0.507989348,0.351645313,0.579497908,0.0,13.808134286537141,0.020154685714285716,-6.15957142857143,0.8999999999999999
2011/2/10,0.699447514,0.343027457,0.557205535,0.0375,17.82107999876571,0.0,-8.074428571428571,2.5
2011/2/18,0.663544399,0.337809484,0.492436975,0.0,22.447414286948565,0.0,-2.723,1.7000000000000002
2011/2/26,0.593788065,0.301829319,0.602537313,0.2875,24.072171427378287,0.0,-7.410142857142858,2.1
2011/3/6,0.524031731,0.265849155,0.712637651,1.0,18.19388571432686,0.06938897857142858,2.8075714285714284,61.081
2011/3/14,0.710403727,0.3745855,0.40363173,0.425,32.18227714326857,0.38929457142857143,0.8252857142857142,11.3
2011/3/22,0.73505931,0.383288644,0.393056295,1.6125,31.469631427748574,0.6955564285714286,-2.3857142857142857,5.999999999999999
2011/3/30,0.759714894,0.391991788,0.382480859,3.325,25.432997143227425,0.7392558571428571,2.2565714285714287,22.799999999999997
2011/4/7,0.784370478,0.400694932,0.371905424,2.0,37.024842857554276,2.4481814285714285,5.699142857142857,16.1
2011/4/15,0.692307692,0.305311333,0.359912217,3.35,32.80571999921828,2.6430949999999998,2.7285714285714286,30.1
2011/4/23,0.748279253,0.30874716,0.300658376,3.725,28.08264857101713,3.9644271428571427,9.305857142857144,22.199999999999996
2011/5/1,0.651044965,0.373940562,0.232624113,1.5,34.14219428485029,3.7053871428571434,9.580571428571428,22.700000000000003
2011/5/9,0.71021264,0.382595366,0.277717497,1.35,27.913911429805708,7.201024285714285,10.036142857142858,52.2
2011/5/17,0.769380315,0.39125017,0.322810881,9.7875,19.939345716754286,6.331052857142857,11.019857142857143,9.5
2011/5/25,0.82854799,0.399904973,0.367904265,10.15,43.17472285673142,9.663557142857142,16.527428571428572,9.6
2011/6/2,0.795371498,0.386909464,0.288086222,7.7375,47.42627142857143,8.372381428571428,15.574285714285713,5.0
2011/6/10,0.780674412,0.499673535,0.318229494,6.0125,38.918005713462854,11.099028571428573,14.44657142857143,21.200000000000003
2011/6/18,0.804501608,0.473146747,0.352941176,8.1625,44.70845142857142,9.945314285714286,17.17757142857143,8.6
2011/6/26,0.814072242,0.505484414,0.338535414,9.725,41.092997141622845,11.915302857142859,19.04657142857143,0.9
2011/7/4,0.823642877,0.537822081,0.324129652,9.8875,52.506951426514284,13.699942857142858,20.82657142857143,9.799999999999999
2011/7/12,0.847880299,0.512897873,0.395480226,4.125,52.863659999177116,10.224154285714286,22.407,18.3
2011/7/20,0.784341303,0.590498376,0.402099834,9.525,41.77638000041143,10.651374285714285,22.502142857142854,21.1
2011/7/28,0.875243665,0.442800789,0.430696014,9.2125,40.33329428448,12.170355714285714,18.985999999999997,27.999999999999996
2011/8/5,0.833194791,0.547962679,0.341443633,5.7625,32.84544857101714,10.623122857142857,18.78842857142857,27.200000000000003
2011/8/13,0.854625551,0.512336829,0.369423792,8.2625,39.15336857060571,10.435237142857142,19.808,23.9
2011/8/21,0.856236786,0.407608696,0.426714332,8.9625,35.84820857019428,8.397937142857142,19.17942857142857,35.3
2011/8/29,0.865030675,0.442769666,0.407000289,7.525,39.29608285755428,8.275024285714284,17.983285714285717,3.6
2011/9/6,0.849636217,0.417262188,0.395121951,6.3125,34.05078000123429,7.047232857142856,15.217714285714285,8.5
2011/9/14,0.83863275,0.418119848,0.33583598,3.8125,27.906582857513143,6.606958571428571,12.838999999999999,13.499999999999998
2011/9/22,0.796381994,0.371045513,0.336045056,3.9375,24.757431427748575,5.71567,17.22342857142857,12.6
2011/9/30,0.767261443,0.387144758,0.338032305,3.6375,16.13368285722514,3.392731428571428,10.541714285714287,32.9
2011/10/8,0.680395387,0.182759536,0.400137268,3.6875,20.813040000041138,4.402822857142858,14.028428571428574,23.5
2011/10/16,0.740997694,0.247324985,0.366078098,1.6125,15.605537144091425,3.8166228571428573,10.138857142857145,17.599999999999998
2011/10/24,0.8016,0.311890434,0.332018927,1.8,17.171177143680005,4.555034285714286,4.778428571428572,14.100000000000001
2011/11/1,0.815153143,0.315227329,0.344210107,0.65,19.47893142774857,4.184778571428572,4.817857142857143,0.3
2011/11/9,0.808604154,0.311720407,0.336644344,0.6,10.291397143227428,2.263271428571428,8.520714285714286,21.4
2011/11/17,0.802055165,0.308213484,0.32907858,0.6625,10.716968570976,1.6404992857142862,1.246,0.1
2011/11/25,0.785676947,0.312136568,0.304812834,0.475,7.911900000041143,1.1268542857142856,5.306714285714286,10.4
2011/12/3,0.836808704,0.356825299,0.354278075,0.1125,8.692842856402285,0.6926311428571429,1.4214285714285713,25.3
2011/12/11,0.732114467,0.360865136,0.2761347,0.0125,9.837282857101712,0.6405278571428571,-0.5714285714285714,11.7
2011/12/19,0.842224745,0.313689017,0.383042182,0.0375,7.458994286989713,0.3084261428571428,-6.748857142857143,14.0
2011/12/27,0.82295831,0.304947729,0.422459893,0.1375,7.816731428571427,0.10355727142857142,-2.281,27.5
2012/1/1,0.760752688,0.339138771,0.385266126,0.0,8.823959999547426,0.0,-5.3754285714285714,4.9
2012/1/9,0.837652812,0.341167098,0.44761171,0.0625,9.079842856690284,0.0,-8.580857142857143,0.1
2012/1/17,0.794197643,0.337416224,0.560725552,0.125,10.356197144091428,0.0,-9.305428571428573,0.0
2012/1/25,0.678217822,0.323583829,0.428872497,0.0,14.09261142733714,0.0,-4.131571428571428,9.2
2012/2/2,0.656804734,0.316530666,0.513513514,0.125,18.166062857142855,0.0,-5.559285714285714,7.800000000000001
2012/2/10,0.614103061,0.343192448,0.471045198,0.3125,19.420894286166856,0.010008342857142858,-4.997857142857144,4.5
2012/2/18,0.744041071,0.367852351,0.391864208,0.0375,18.243797142774852,0.43085860000000004,-1.3015714285714286,10.799999999999999
2012/2/26,0.732168803,0.351284221,0.394528452,0.825,21.00098571589028,0.20173054285714284,-6.320714285714287,5.4
2012/3/5,0.720296536,0.33471609,0.397192695,2.35,30.85508571387429,0.0,-0.8297142857142857,4.1
2012/3/13,0.708424269,0.318147959,0.399856938,2.6375,19.76518285673143,1.5823818571428572,4.471571428571429,6.5
2012/3/21,0.663981588,0.33124115,0.271395076,1.375,33.845322857184,2.8893578571428575,6.981857142857142,3.9
2012/3/29,0.771790808,0.303477213,0.294480895,2.0625,34.778597142034286,4.44304,2.1487142857142856,5.699999999999999
2012/4/6,0.746981627,0.29243732,0.308690523,5.375,30.079722857965713,3.97219,4.131,5.099999999999999
2012/4/14,0.723458592,0.37632368,0.252054068,3.175,46.59248571346286,4.744215714285715,11.700714285714286,0.0
2012/4/22,0.775431862,0.331039004,0.343988376,4.2625,28.324825713833143,1.4981485714285712,6.034000000000001,75.8
2012/4/30,0.729064039,0.345969533,0.231218942,4.15,27.19285714285714,3.3221101428571425,7.455999999999999,5.8999999999999995
2012/5/8,0.763382816,0.33509735,0.273968151,7.7625,26.392679999588577,5.611471428571428,10.422571428571429,47.4
2012/5/16,0.770760973,0.453650015,0.308751459,7.35,45.990411428571434,9.005554285714286,16.057142857142857,6.7
2012/5/24,0.78450986,0.491090597,0.30002082,6.625,32.505120000781716,9.690584285714285,14.897000000000002,23.1
2012/6/1,0.822776711,0.479278473,0.361529271,10.6625,28.776985714285715,9.492134285714286,12.019285714285713,43.400000000000006
2012/6/9,0.787327824,0.513382432,0.312297735,10.9625,48.83667428694858,7.594871857142857,16.601857142857146,4.1
2012/6/17,0.840218505,0.471763217,0.403645833,9.3125,40.423834284891434,3.099487142857143,18.25128571428571,33.900000000000006
2012/6/25,0.86172723,0.631812048,0.398440269,11.075,33.032597141211426,10.277381428571429,18.62714285714286,73.10000000000001
2012/7/3,0.877399381,0.528632718,0.42481203,8.5625,43.224505714697145,12.086899999999998,20.585428571428572,5.1
2012/7/11,0.847357066,0.565087587,0.38804458,10.0375,45.388902857554285,11.238704285714286,22.243714285714287,14.100000000000001
2012/7/19,0.866551127,0.552201443,0.387886598,8.1125,46.87750285549714,12.061561428571428,19.993142857142857,1.5
2012/7/27,0.852160333,0.585814486,0.385244306,7.775,38.31083999876571,12.331581428571429,20.64228571428572,4.3
2012/8/4,0.871852088,0.515473633,0.404112865,2.3875,41.553462858377145,8.997257142857142,21.683714285714284,9.7
2012/8/12,0.847640077,0.558648039,0.365565075,8.2125,28.665977143721143,3.5634957142857147,21.012285714285714,33.1
2012/8/20,0.863796477,0.434534357,0.359794403,3.875,42.49527428612572,8.755135714285714,19.204857142857144,2.3000000000000003
2012/8/28,0.879730866,0.418634435,0.434071222,7.0875,32.45865428653715,8.996448571428571,17.370285714285718,2.0
2012/9/5,0.860655738,0.417661098,0.41875,5.725,26.40214285590857,8.838294285714285,16.633714285714287,65.89999999999999
2012/9/13,0.82358905,0.463695867,0.363659338,5.45,29.43018000082285,7.036251428571428,14.647857142857145,17.900000000000002
2012/9/21,0.791414944,0.462639405,0.380543984,4.2375,22.03166571259886,4.931648571428572,12.045857142857143,7.200000000000001
2012/9/29,0.74755877,0.381365314,0.356541269,2.475,13.448211427748568,3.505605714285714,13.211,49.6
2012/10/7,0.753633218,0.236687677,0.362365591,1.975,20.610977142445712,4.371037142857142,6.252571428571429,18.5
2012/10/15,0.829861111,0.302009182,0.350128096,2.5625,13.51938857101714,2.617450714285714,10.54257142857143,27.599999999999998
2012/10/23,0.800738007,0.314636066,0.305810398,0.475,16.262665713504003,1.7686624285714285,7.857571428571428,3.2
2012/10/31,0.830862277,0.321962376,0.336877181,1.025,8.605748571058285,2.6932957142857146,5.716857142857143,14.600000000000001
2012/11/8,0.860986547,0.329288685,0.367943964,0.725,9.739799998806856,2.1080840000000003,3.3411428571428567,25.4
2012/11/16,0.810810811,0.330326515,0.344135802,0.225,13.648808570194287,1.4568657142857142,0.404,0.1
2012/11/24,0.816628702,0.30123519,0.343157895,0.175,10.61711999958857,0.38257218571428575,-3.537142857142857,0.4
2012/12/2,0.860410557,0.30754717,0.361957922,0.0625,6.225274285220571,0.6580747142857142,1.1914285714285715,14.5
2012/12/10,0.862869018,0.316650941,0.398532786,0.05,9.674485714285716,0.925791,-5.087571428571429,7.300000000000001
2012/12/18,0.865327478,0.325754713,0.43510765,0.0,6.090428571305141,0.6627917142857144,-1.9352857142857143,64.3
2012/12/26,0.867785939,0.334858485,0.471682513,0.0,9.939857144091427,0.7458364714285715,-6.948714285714287,0.0
2013/1/1,0.752490823,0.318478406,0.551532033,0.1125,12.486522857965713,0.17853776,-9.947285714285714,0.0
2013/1/9,0.780745412,0.322640536,0.526388423,0.025,9.761399998806855,0.012614354285714285,-0.3977142857142858,1.3
2013/1/17,0.809,0.326802666,0.501244813,0.0875,10.94729143025829,0.014385238571428571,-9.359714285714286,9.5
2013/1/25,0.715430862,0.310340331,0.515044248,0.0,16.47491143058743,0.02074068714285714,-10.067857142857145,2.7
2013/2/2,0.844758065,0.335025787,0.476997579,0.0875,18.23906571510857,0.023865814285714288,-10.508142857142856,0.0
2013/2/10,0.838089755,0.331976192,0.444109858,0.125,15.321034285343996,0.020131942857142853,-2.9462857142857146,3.4
2013/2/18,0.831421446,0.328926598,0.411222137,0.5875,17.915014284521142,0.051189399999999996,-3.4932857142857143,13.4
2013/2/26,0.726093639,0.343466994,0.413100622,0.65,18.326262857184,0.5579725714285715,-0.35300000000000004,8.4
2013/3/6,0.620765832,0.358007389,0.414979106,0.175,22.625845713051426,0.9094621428571429,0.7152857142857142,0.7
2013/3/14,0.745814307,0.375824513,0.403058104,0.725,27.34793999958857,0.638999,-3.2794285714285714,4.2
2013/3/22,0.746398221,0.342291148,0.385978541,1.35,29.350799999588567,0.5283281428571428,0.9221428571428572,10.5
2013/3/30,0.746982134,0.308757784,0.368898978,0.3375,34.915294286125715,1.4375074285714287,2.1889999999999996,13.799999999999999
2013/4/7,0.752862944,0.3554457,0.34309691,3.2875,29.023791429024,1.827716714285714,2.244285714285714,9.4
2013/4/15,0.758743754,0.402133616,0.317294841,5.2375,30.99180857060571,4.304152857142857,7.120285714285714,9.5
2013/4/23,0.768829232,0.396935397,0.317777778,6.9375,44.42412856978286,4.9473528571428576,7.749428571428571,3.4
2013/5/1,0.757159221,0.381742579,0.276206323,4.8125,69.25797,9.544195714285715,11.953285714285714,0.059000000000000004
2013/5/9,0.772675776,0.425796186,0.289255644,5.425,,8.123788571428571,12.896714285714285,16.313000000000002
2013/5/17,0.788192331,0.469849793,0.302304965,6.6375,32.32370571552,7.56076,10.890285714285714,25.2
2013/5/25,0.774983881,0.446773714,0.303503788,8.4375,26.763248572662857,7.788240000000001,11.415571428571427,63.800000000000004
2013/6/2,0.841490139,0.445200186,0.397062898,7.5,44.71247762907428,10.356478571428571,17.78657142857143,13.559999999999999
2013/6/10,0.804394427,0.540822944,0.379070244,9.8875,34.94442857101714,9.611945714285714,15.034,42.0
2013/6/18,0.767954572,0.499585636,0.38968026,5.2875,42.870908571428565,9.72185285714286,17.847428571428573,4.6
2013/6/26,0.731514716,0.458348327,0.400290276,9.2375,22.196262856731426,7.096204285714287,18.695857142857143,37.400000000000006
2013/7/4,0.879017013,0.45975875,0.427340609,9.6125,45.60536571469714,11.874257142857143,23.334714285714288,1.1
2013/7/12,0.868037135,0.49948487,0.380205781,4.7,49.2512399987657,12.134000000000002,23.433142857142855,13.6
2013/7/20,0.869346734,0.591250854,0.398219585,7.45,38.953928571017144,10.375587142857142,19.867428571428572,9.999999999999998
2013/7/28,0.860834409,0.537784449,0.398050791,8.8875,38.110191428571426,10.705897142857141,19.630714285714284,12.3
2013/8/5,0.852322085,0.484318044,0.397881997,6.35,34.64627142939428,9.879167142857142,17.659285714285712,30.2
2013/8/13,0.857461024,0.555575598,0.381080522,9.1125,38.04251143021714,10.3531,18.011142857142858,2.7
2013/8/21,0.870675453,0.421518584,0.415394204,7.6625,38.19286285755428,9.605462857142857,19.606142857142856,2.9
2013/8/29,0.893188854,0.446024814,0.417149479,4.3125,24.15576857101714,4.001435428571429,18.756285714285717,76.30000000000001
2013/9/6,0.856950067,0.385377893,0.401697793,6.625,30.29626285796572,6.801602857142856,14.218285714285713,3.8000000000000003
2013/9/14,0.830712303,0.366022662,0.404542229,5.4125,28.373528572662856,3.5195058571428572,13.694142857142856,20.599999999999998
2013/9/22,0.797002141,0.37444668,0.37438585,4.9375,19.748854286125713,5.817100000000001,12.479142857142858,9.700000000000001
2013/9/30,0.762786596,0.343854349,0.391092554,4.1,30.006025715519996,5.779858571428571,13.585285714285716,0.1
2013/10/8,0.766478343,0.332339852,0.327671621,3.15,22.746162856690283,4.554553142857143,10.891142857142857,17.5
2013/10/16,0.779286927,0.363247863,0.314106583,1.2125,19.208339998765712,2.565553571428571,10.885285714285715,6.199999999999999
2013/10/24,0.825900054,0.316359295,0.358113509,1.275,17.56609714326857,3.6232100000000003,3.7407142857142857,0.1
2013/11/1,0.818090452,0.336155276,0.357598499,0.8625,14.291331428201142,2.124905714285714,5.062714285714285,19.900000000000002
2013/11/9,0.82289138,0.333277228,0.35869242,0.65,9.907611429065144,2.224112285714286,-0.25400000000000006,4.4
2013/11/17,0.827692308,0.330399181,0.359786341,0.05,10.615680000041142,1.7678808571428568,2.2762857142857147,8.2
2013/11/25,0.847230321,0.308427086,0.421265141,0.2125,9.94317428608457,0.7048708571428571,-4.526857142857144,36.2
2013/12/3,0.812306167,0.32286357,0.423235213,0.0,6.3800485713874275,0.8428672857142857,-1.337142857142857,11.5
2013/12/11,0.777382012,0.337300054,0.425205284,0.0,10.343931428571429,2.1395282857142854,-12.514857142857142,0.004
2013/12/19,0.458677686,0.326102923,0.808710504,0.0,3.979517143433142,0.9941720000000001,-6.829428571428571,0.0
2013/12/27,0.452719481,0.341174996,0.669509017,0.0,5.340540000959999,1.454036857142857,-10.574428571428571,14.242
2014/1/1,0.446761276,0.356247068,0.53030753,0.2375,,0.7788036571428572,-14.456857142857142,15.391
2014/1/9,0.440803071,0.37131914,0.391106043,0.1,9.78420857101714,0.6124972285714286,-3.214571428571429,33.5
2014/1/17,0.7198755,0.318537756,0.606979643,0.0,6.393034285385142,0.904987142857143,-6.710571428571428,0.3
2014/1/25,0.837535014,0.394860959,0.415536375,0.025,13.955991428201141,1.5276651428571426,-11.997000000000002,0.3
2014/2/2,0.226126499,0.257097199,0.748820755,0.025,13.893377143679993,1.5060120000000001,-6.885428571428571,3.7
2014/2/10,0.367955767,0.31102059,0.6641475,0.125,14.845068001670398,1.619452571428571,-8.824142857142858,1.029
2014/2/18,0.509785036,0.36494398,0.579474246,0.0,18.96374571301029,2.161447142857143,-2.9488571428571433,10.799999999999999
2014/2/26,0.651614305,0.418867371,0.494800992,0.05,26.216102402496,1.1046610000000001,-9.765857142857143,0.482
2014/3/6,0.793443574,0.472790762,0.410127737,0.125,27.827742855538283,0.4911875,-5.689857142857144,1.5
2014/3/14,0.739279843,0.446446937,0.421084745,0.25,29.30623714203428,2.1110614857142855,-6.591285714285715,6.699999999999999
2014/3/22,0.685116112,0.420103112,0.432041753,0.675,29.09826000041143,1.5765132857142858,-5.192428571428572,0.5
2014/3/30,0.630952381,0.393759287,0.442998761,2.0,31.913717140841136,1.7622195714285713,1.676142857142857,19.2
2014/4/7,0.759481361,0.428885228,0.367598891,2.45,38.97426857142857,3.5865265714285717,6.557142857142858,10.5
2014/4/15,0.722882615,0.365872001,0.382002384,1.3125,36.53421428612571,3.4981542857142855,4.407714285714286,15.899999999999999
2014/4/23,0.718350814,0.385198377,0.312712498,3.2625,25.27040571387429,6.312134285714286,6.024714285714285,19.4
2014/5/1,0.713819013,0.404524753,0.243422612,5.775,27.114608571469716,5.831587142857144,8.341857142857142,34.5
2014/5/9,0.742264003,0.367233828,0.320665083,4.4,39.999497142857145,6.791478571428572,11.712714285714286,4.0
2014/5/17,0.726372637,0.474780358,0.300045188,8.2,26.466197142445715,6.34219,13.16757142857143,25.1
2014/5/25,0.808378871,0.426402767,0.368624207,8.775,36.07840800115199,7.735961428571429,12.76742857142857,3.963
2014/6/2,0.803183024,0.539942939,0.334249264,8.3875,38.49908552928,7.367915714285714,16.693142857142856,12.033999999999999
2014/6/10,0.804917157,0.531610717,0.340611354,10.575,49.92672000383999,6.008764285714286,16.845285714285716,31.470000000000002
2014/6/18,0.856029685,0.44865811,0.450275442,9.6625,41.819425713462856,7.9857128571428575,17.445999999999998,24.4
2014/6/26,0.854160175,0.511514201,0.411960133,10.1125,40.90705714326857,9.082771428571428,20.57542857142857,37.6
2014/7/4,0.781021996,0.489669349,0.364189022,7.05,33.46222909248,10.157904285714284,20.87442857142857,54.138
2014/7/12,0.707883817,0.467824497,0.31641791,9.6375,36.453934284480006,9.970181428571427,20.647714285714283,22.5
2014/7/20,0.85892323,0.610041071,0.373733653,7.9625,43.26338571346285,8.409514285714286,20.518571428571427,3.8000000000000003
2014/7/28,0.866666667,0.535028352,0.401557286,8.775,28.65990857188114,6.756912857142857,18.934714285714286,9.9
2014/8/5,0.882212257,0.549944092,0.415467626,7.775,36.55925999958857,6.4959428571428575,19.685285714285715,13.200000000000001
2014/8/13,0.860869565,0.400080824,0.438172043,8.1875,25.062068570605714,6.358175714285714,16.786714285714286,41.300000000000004
2014/8/21,0.872696817,0.493371212,0.395755306,6.6,36.974700000411424,7.503164285714285,20.55185714285714,0.0
2014/8/29,0.849253213,0.467620396,0.40660502,5.475,28.871022858377145,6.450195714285714,18.910571428571433,3.1
2014/9/6,0.86711807,0.407988531,0.3975293,5.975,32.28798857142856,5.323958571428571,16.44342857142857,8.5
2014/9/14,0.843862069,0.556789225,0.377860235,6.2375,27.514044000576003,7.0306871428571425,10.142,1.0
2014/9/22,0.782192789,0.409855028,0.395563238,3.85,28.82044285796571,4.8878128571428565,14.376428571428571,0.6
2014/9/30,0.714173845,0.337927968,0.309994016,3.75,16.498285715190857,4.354481428571429,12.381142857142859,12.0
2014/10/8,0.76767222,0.340224289,0.353326439,2.525,11.01276,3.817478571428571,10.095142857142857,29.3
2014/10/16,0.795454545,0.328799575,0.351431759,2.9,,2.5177785714285714,11.821857142857144,35.900000000000006
2014/10/24,0.847513812,0.323902027,0.360455655,0.7875,,1.5646322857142856,7.876285714285715,57.0
2014/11/1,0.797378639,0.320589802,0.437811905,0.7625,,1.5500474285714285,3.8728571428571428,18.884
2014/11/9,0.747243465,0.317277577,0.515168155,0.275,,1.030798,3.4742857142857155,4.4
2014/11/17,0.697108292,0.313965352,0.592524405,0.3,,0.1298842142857143,-2.792428571428571,13.998999999999999
2014/11/25,0.646973118,0.310653127,0.669880655,0.0125,,0.023786657142857142,0.6214285714285712,10.2
2014/12/3,0.596837945,0.307340902,0.747236905,0.0,,0.14565005714285714,-7.252285714285714,6.5
2014/12/11,0.496249709,0.340690265,0.679262192,0.125,,0.926909,0.4378571428571431,47.6
2014/12/19,0.395661473,0.374039628,0.611287478,0.075,,0.9725345714285715,-2.419571428571429,19.200000000000003
2014/12/27,0.415216623,0.365510194,0.636328702,0.0,,1.0362822571428572,-3.2439999999999998,1.0
2015/1/1,0.434771773,0.356980761,0.661369926,0.0,,0.23137131428571428,-10.502571428571429,0.0
2015/1/9,0.454326923,0.348451327,0.68641115,0.075,,0.06464868571428571,-12.68057142857143,0.0
2015/1/17,0.661150512,0.315046375,0.448299553,0.0,,0.07383481428571428,-6.967142857142856,16.2
2015/1/25,0.795389049,0.331147016,0.464733542,0.0,,0.05818363,-8.652142857142858,0.1
2015/2/2,0.78586307,0.342458605,0.477728762,0.0,,0.07959524285714284,-14.059285714285716,0.0
2015/2/10,0.776337092,0.353770193,0.490723982,0.0,,0.08509802857142856,-14.895142857142858,0.0
2015/2/18,0.766811113,0.365081782,0.503719202,0.0,,0.11817658571428571,-9.988857142857144,0.0
2015/2/26,0.757285135,0.37639337,0.516714422,0.1375,,0.1359264857142857,-8.729285714285716,0.0
2015/3/6,0.722643499,0.38920685,0.504316346,0.0,,0.13741227142857143,-3.6482857142857137,0.0
2015/3/14,0.688001864,0.40202033,0.49191827,0.25,,0.10119561428571429,-5.372,3.2
2015/3/22,0.653360228,0.414833809,0.479520194,0.45,,0.09362687714285713,-2.1002857142857145,3.3
2015/3/30,0.618718593,0.427647289,0.467122118,2.2125,,0.16707334285714284,0.6281428571428572,7.300000000000001
2015/4/7,0.685271705,0.404953724,0.417516602,3.1,,0.38308328571428574,2.3374285714285716,11.299999999999999
2015/4/15,0.751824818,0.38226016,0.367911086,0.1375,,1.1985762857142856,7.656857142857143,1.0
2015/4/23,0.749607983,0.39147347,0.334893881,7.075,,1.7631585714285711,5.813,13.5
2015/5/1,0.747391148,0.400686781,0.301876676,5.4875,,2.8021700000000003,12.047857142857143,0.0
2015/5/9,0.774104683,0.339221762,0.314732902,7.6125,,3.12839,11.831857142857144,8.700000000000001
2015/5/17,0.797429621,0.48026243,0.321484814,7.475,,4.024014285714285,12.16,7.5
2015/5/25,0.802092151,0.494104408,0.326505383,2.8625,,4.839545714285714,19.210999999999995,13.7
2015/6/2,0.806754681,0.507946385,0.331525952,7.55,,5.725442857142857,10.620000000000001,20.700000000000003
2015/6/10,0.811417211,0.521788362,0.336546521,6.0125,,6.517924285714286,18.382714285714286,32.4
2015/6/18,0.854655564,0.440774576,0.421938479,10.2,,6.878731428571428,15.573428571428574,39.400000000000006
2015/6/26,0.860622463,0.484903934,0.428200467,10.0125,,7.846624285714286,16.248142857142856,29.299999999999997
2015/7/4,0.841077811,0.5581302,0.341614907,10.2,,8.909375714285714,19.793857142857142,0.6
2015/7/12,0.86224754,0.593709884,0.367820464,1.375,,9.174171428571428,20.058714285714284,0.4
2015/7/20,0.874417813,0.559421928,0.384075756,8.1625,,8.469834285714287,18.308714285714284,26.400000000000002
2015/7/28,0.886588085,0.525133972,0.400331048,4.125,,7.331571428571428,21.138,13.299999999999999
2015/8/5,0.936811872,0.400237238,0.405837387,7.775,,7.791244285714286,18.479000000000003,3.4000000000000004
2015/8/13,0.861241218,0.540371758,0.364377682,3.4125,,5.919849999999999,21.815428571428573,5.8
2015/8/21,0.863896913,0.473713967,0.370951467,6.7625,,6.092828571428572,21.041285714285713,15.400000000000002
2015/8/29,0.866552609,0.407056176,0.377525253,6.95,,5.925905714285713,20.049857142857142,0.0
2015/9/6,0.853323147,0.44394102,0.35190861,8.0,,4.803215714285714,20.345428571428574,23.8
2015/9/14,0.864257382,0.395076154,0.372930867,6.075,38.829474001440005,5.26588,19.67814285714286,17.0
2015/9/22,0.857560263,0.452303899,0.373110151,3.925,33.310226314285714,4.3381871428571435,12.681,0.0
2015/9/30,0.793044953,0.37249512,0.352527191,3.2,21.43719411424457,4.23818,10.630285714285716,101.0
2015/10/8,0.759548611,0.348633357,0.375169607,1.0875,19.330863942445713,4.368727142857143,9.378428571428572,17.900000000000002
2015/10/16,0.760409771,0.351879472,0.327921987,1.5125,20.75665808571429,3.71618,4.622,1.8
2015/10/24,0.761270932,0.355125586,0.280674368,2.4375,15.972217713956567,2.5619971428571433,5.984142857142857,27.2
2015/11/1,0.861241218,0.540371758,0.364377682,1.3625,11.579960570194286,2.18339,7.36,1.3000000000000003
2015/11/9,0.811938722,0.319330175,0.282722513,0.6,14.190658970605714,2.3041914285714284,5.040285714285714,8.9
2015/11/17,0.836392239,0.327461608,0.327520849,0.3125,9.409040228941716,1.3867867142857142,3.1365714285714286,26.799999999999997
2015/11/25,0.767605634,0.277083422,0.310704961,0.4875,11.377354113051428,0.6785732857142855,-1.195285714285714,2.6
2015/12/3,0.78049847,0.350082372,0.316095669,0.4375,9.678168515149714,0.7930127142857142,1.7927142857142855,18.700000000000003
2015/12/11,0.381886971,0.360201624,0.681726619,0.2625,6.287428028612571,0.3863042428571429,2.8088571428571427,36.39999999999999
2015/12/19,0.813897281,0.282804955,0.344982079,0.025,7.355432315067427,0.7852937142857142,0.8465714285714284,32.1
2015/12/27,0.567567568,0.378343419,0.552505148,0.05,7.840219628489143,0.14564842857142857,-4.316857142857143,4.1000000000000005
2016/1/1,0.567567568,0.378343419,0.552505148,0.05,11.354996570934855,0.060670999999999996,-5.188142857142857,4.6000000000000005
2016/1/9,0.14656198,0.261160809,0.36361064,0.0,9.505347685344,0.32181542857142853,-3.9801428571428574,33.1
2016/1/17,0.830864787,0.343119845,0.399561724,0.3,12.511115999218285,0.10295298571428571,-7.531285714285715,0.2
2016/1/25,0.068335364,0.187617831,0.056285589,0.375,12.012408256237713,0.010628994285714287,-2.502,0.1
2016/2/2,0.082327113,0.226374712,0.06647001,0.1125,11.670718885755427,0.2651280142857143,-0.547142857142857,9.5
2016/2/10,0.063238963,0.213038076,0.097156929,0.3375,17.849246398765715,0.07263653142857143,-12.188428571428572,0.0
2016/2/18,,,,0.125,19.67495734368,0.11887042857142857,-2.411428571428572,6.8
2016/2/26,0.804655408,0.336745998,0.436773256,0.95,17.133109971428574,0.24018814285714285,-1.0771428571428572,44.0
2016/3/5,0.772660819,0.401641524,0.351727982,0.9875,21.621666085261715,0.39321735714285705,-0.4944285714285717,7.3
2016/3/13,0.743615935,0.296344541,0.358535615,0.3375,22.25850814326857,1.2573258571428572,2.3737142857142857,14.1
2016/3/21,0.747975709,0.301177813,0.356637863,0.85,24.184338686495998,0.4964337142857143,-2.4145714285714286,6.4
2016/3/29,0.744584547,0.348295434,0.332383204,1.4125,18.53788628493257,1.8791695714285714,4.396428571428571,36.0
2016/4/6,0.741193386,0.395413055,0.308128544,3.65,31.705250913503995,1.6142925714285714,0.9174285714285715,29.4
2016/4/14,0.750465549,0.325577638,0.268128162,2.85,46.94015905673143,3.68931,7.160857142857142,0.0
2016/4/22,0.746962715,0.35378388,0.289823693,2.825,47.90510357101715,3.5446014285714282,7.4408571428571415,0.2
2016/4/30,0.751210068,0.316579634,0.27844523,5.45,32.15157043021714,4.223315714285714,6.663285714285713,23.8
2016/5/8,0.732191514,0.364492501,0.256707145,7.0375,43.310066142445706,5.3712028571428565,11.177714285714284,8.6
2016/5/16,0.750609261,0.360388471,0.275525303,8.1,40.47894488530285,5.391354285714286,11.748142857142856,11.4
2016/5/24,0.797286512,0.392503536,0.332150251,9.525,41.117790084480006,6.945214285714286,15.516000000000004,7.800000000000001
2016/6/1,0.854443104,0.425017001,0.397575758,7.4625,43.20823371510858,8.300754285714286,16.28385714285714,21.3
2016/6/9,0.759165826,0.462860424,0.368035574,11.875,31.145820171017142,4.382175285714285,12.739714285714287,18.900000000000002
2016/6/17,0.844583987,0.42418986,0.432926829,10.8125,58.779017229394285,7.3304342857142855,17.691714285714287,2.5
2016/6/25,0.834804095,0.454877673,0.396560989,8.525,50.117651486948574,9.023148571428571,19.27642857142857,2.9000000000000004
2016/7/3,0.861638492,0.592030021,0.394506137,9.9375,44.258544258377135,7.211531428571429,18.149285714285714,22.2
2016/7/11,0.864652568,0.527071823,0.401771519,10.95,49.34945237225142,7.930204285714285,21.060714285714287,16.400000000000002
2016/7/19,0.894224078,0.497522069,0.449800266,8.1,50.831896886125705,7.784597142857143,20.90657142857143,6.2
2016/7/27,0.863553826,0.596060877,0.396035756,8.9375,46.517162914285706,9.538045714285714,21.64642857142857,7.8999999999999995
2016/8/4,0.858067493,0.586512755,0.40153445,3.8875,53.31233314409142,7.920538571428572,20.83385714285714,10.9
2016/8/12,0.85258116,0.576964633,0.407033145,8.8625,29.416487915108572,6.959712857142856,19.33657142857143,42.5
2016/8/20,0.838129496,0.518027198,0.399361022,8.3375,46.605451114697146,6.6101399999999995,19.63471428571429,16.3
2016/8/28,0.848319448,0.540703849,0.383953538,7.0875,35.230299939977144,7.886105714285714,19.130285714285716,1.8
2016/9/5,0.85106383,0.428894802,0.408273381,5.2125,36.84605245673143,6.731774285714285,20.041714285714285,0.8999999999999999
2016/9/13,0.848067227,0.480388423,0.404701073,5.6875,33.62176722569143,5.986377142857143,15.398285714285716,5.4
2016/9/21,0.861064892,0.410421128,0.40780365,4.65,30.268185942445715,3.312477142857143,13.988571428571431,12.1
2016/9/29,0.825809029,0.403537542,0.426342072,3.625,28.792119601234287,3.847418571428572,11.265142857142859,1.5
2016/10/7,0.716660643,0.358732226,0.381617219,2.825,26.992261800863997,4.391889999999999,11.400285714285713,8.799999999999999
2016/10/15,0.696110944,0.404534146,0.347222222,0.8375,22.414734770975997,3.4302442857142856,9.585285714285716,0.2
2016/10/23,0.72065716,0.384600795,0.353838452,1.3375,12.066837429723428,2.3313731428571427,5.554,65.30000000000001
2016/10/31,0.745203377,0.364667443,0.360454681,1.4625,12.294089485755428,2.534854285714286,4.848428571428571,7.999999999999999
2016/11/8,0.822742475,0.308554227,0.354037267,1.475,16.190345034761144,2.460837142857143,4.359714285714285,0.0
2016/11/16,0.816743342,0.324158971,0.37390786,0.4375,9.141947228530286,2.2371014285714286,6.085571428571428,46.7
2016/11/24,0.810744209,0.339763714,0.393778452,0.2375,7.232120485714285,2.9082599999999994,0.6191428571428572,45.7
2016/12/2,0.82064354,0.338979452,0.434721537,0.0,8.275725258253713,0.5464191428571429,-1.815,32.6
2016/12/10,0.830542872,0.33819519,0.475664622,0.025,11.479265743268572,0.026501192857142856,-7.5158571428571435,0.1
2016/12/18,0.67398412,0.317393982,0.563699825,0.0375,7.381504542857142,0.0,-6.987857142857144,3.3000000000000003
2016/12/26,0.595194628,0.326967339,0.601433567,0.0125,8.71436622848914,0.0,-3.8880000000000003,8.2
2017/1/1,0.516405136,0.336540696,0.639167309,0.0,9.368840057554285,0.09830117142857143,-4.335,3.8
2017/1/9,0.516405136,0.336540696,0.639167309,0.1125,11.554624286989714,0.0034880642857142855,-5.984714285714284,31.0
2017/1/17,0.516405136,0.336540696,0.639167309,0.125,10.115365628571428,0.18116162857142856,-4.2335714285714285,2.7
2017/1/25,0.842641663,0.394601199,0.517797179,0.0,9.354801599670855,0.13471172,-1.1007142857142858,58.6
2017/2/2,0.420525948,0.424696813,0.634270415,0.0,16.050841198765713,0.003048572857142857,-8.664714285714286,0.1
2017/2/10,0.520292748,0.349935114,0.583506584,0.4375,13.02725082820114,0.06519778571428572,-10.047857142857142,2.9
2017/2/18,0.596330275,0.383171041,0.54488655,0.2375,21.969640801234284,0.03792644285714286,-0.655857142857143,7.1
2017/2/26,0.678613627,0.372976015,0.500175994,0.125,18.45251177258057,0.06899415714285713,3.470428571428571,12.199999999999998
2017/3/6,0.619335347,0.406584689,0.482710927,0.1125,23.885762399218283,0.7538292857142856,-5.317571428571428,13.399999999999999
2017/3/14,0.587038952,0.375325076,0.471867008,0.2125,30.019517229805714,0.12502450571428572,-3.993,1.7000000000000002
2017/3/22,0.642857143,0.348201183,0.486627043,0.8375,33.36066077266286,0.04163772857142857,1.1701428571428572,2.6
2017/3/30,0.671704635,0.37480403,0.418229737,3.0625,30.45330025796571,0.5394064000000001,4.809142857142858,10.5
2017/4/7,0.700552127,0.401406878,0.349832431,2.1375,29.289062827748566,2.275467142857143,9.137428571428572,31.4
2017/4/15,0.717340772,0.303298345,0.357090375,3.2625,36.33308125631999,4.192304285714285,9.630285714285714,9.499999999999998
2017/4/23,0.751358696,0.417311248,0.258789063,3.3625,25.171152686084568,2.409201428571429,9.806142857142857,42.300000000000004
2017/5/1,0.711314985,0.436315888,0.280842298,3.4875,31.724985086125706,3.1724725714285715,11.52457142857143,21.4
2017/5/9,0.73854898,0.416054545,0.250902093,7.3875,33.87496911428572,3.7271371428571425,10.587857142857143,15.759
2017/5/17,0.787778997,0.415540801,0.32483731,6.175,16.66504223712,4.9369371428571425,15.265571428571425,3.291
2017/5/25,0.786900091,0.476060042,0.310314298,7.9,32.762043608256,7.020141428571429,12.066857142857144,37.606
2017/6/2,0.802191927,0.532999432,0.311928391,8.9375,36.82640905878857,7.031740000000001,12.949428571428571,9.499999999999998
2017/6/10,0.78950246,0.517080857,0.357809583,11.225,51.89470971675428,5.241402857142857,19.389714285714284,3.5999999999999996
2017/6/18,0.834217507,0.477021083,0.381963527,9.8375,36.431160171428566,6.347624285714285,17.985,12.099999999999998
2017/6/26,0.636018086,0.440065834,0.317285356,7.525,44.137658678399994,6.3982585714285705,17.50857142857143,14.488
2017/7/4,0.437818665,0.403110585,0.252607184,9.6,53.01429839794285,7.508075714285714,19.776142857142855,2.6
2017/7/12,0.854499043,0.502854139,0.372049103,9.975,41.06597322733714,7.760877142857142,18.638142857142856,12.0
2017/7/20,0.851676061,0.528009711,0.361395856,10.525,47.40841645632,6.418115714285714,20.29528571428571,2.4000000000000004
2017/7/28,0.881380302,0.471828818,0.403969957,9.2625,53.52597102857142,7.175851428571428,19.609857142857145,1.1
2017/8/5,0.8957902,0.500077053,0.453439153,9.475,42.31826228489143,7.942578571428572,19.04542857142857,14.099999999999998
2017/8/13,0.863065804,0.447040744,0.400629111,6.95,42.15577448406857,9.276075714285714,18.872999999999998,10.499999999999998
2017/8/21,0.853432282,0.512668103,0.378881988,6.6,41.09173225796571,12.466521428571427,19.312857142857144,8.7
2017/8/29,0.835864486,0.527596505,0.380324989,6.9625,39.47871368530285,15.208144285714285,15.141714285714286,0.0
2017/9/6,0.853432282,0.512668103,0.378881988,6.9625,27.590022001686854,13.832254285714287,16.00257142857143,39.300000000000004
2017/9/14,0.837748344,0.403235446,0.396665618,6.225,36.41881628612571,5.341504285714286,18.909428571428574,0.30000000000000004
2017/9/22,0.809036658,0.381937457,0.380611581,5.0125,35.70414505714287,3.5147442857142854,20.205000000000002,0.6
2017/9/30,0.76535002,0.387540101,0.34225394,3.95,35.16322268653714,2.464837142857143,11.425571428571429,3.5
2017/10/8,0.735030646,0.316009243,0.328040419,3.7625,20.039790599958856,1.5232919999999999,14.022857142857143,22.5
2017/10/16,0.777673104,0.33623885,0.303626943,2.4375,23.886825942857143,2.8084285714285713,12.039142857142858,0.2
2017/10/24,0.799121844,0.304615256,0.317524116,1.4875,14.723434284809146,3.089267142857143,12.739142857142857,75.9
2017/11/1,0.789423535,0.336064576,0.30461966,0.4625,12.153199372251429,2.2792185714285713,8.451,15.9
2017/11/9,0.715481172,0.246590581,0.349318289,0.275,17.13938914203429,1.323602,-1.114857142857143,0.9
2017/11/17,0.820702403,0.35636889,0.229329173,0.35,11.442741429394287,0.4452425714285714,0.22857142857142856,25.3
2017/11/25,0.821888412,0.316882472,0.328118889,0.35,11.821571228571429,0.7150311428571429,-0.08200000000000005,0.3
2017/12/3,0.838509317,0.352820554,0.389169675,0.0,7.808181942075429,1.0655467142857142,1.0825714285714285,22.299999999999997
2017/12/11,0.421289355,0.264085334,0.820451272,0.0,9.74004837696,0.6720421428571429,-7.312142857142858,2.1
2017/12/19,0.265784335,0.321809489,0.769487413,0.0,8.681431884850284,0.050318465714285714,-9.328571428571427,0.1
2017/12/27,0.422337278,0.291356261,0.719266875,0.0,12.753467486496,0.09066324285714286,-17.34057142857143,0.0
2018/1/1,0.500827815,0.29581459,0.607982262,0.0125,12.627167915890285,0.3015607142857143,-16.101142857142857,0.0
2018/1/9,0.362796072,0.323978539,0.630833045,0.0125,8.195922771881143,0.29170985714285713,-4.750142857142857,56.5
2018/1/17,0.292848769,0.313897964,0.687786961,0.075,11.206826743721143,0.19045759999999998,-6.068714285714286,6.3
2018/1/25,0.62031107,0.302044817,0.625516292,0.0,13.16808694121143,0.1281819857142857,-5.674857142857142,25.3
2018/2/2,0.647989289,0.321147953,0.579564974,0.1125,13.18962471593143,0.0831102,-7.573714285714286,18.2
2018/2/10,0.675667507,0.34025109,0.533613656,0.2875,15.720184028900567,0.08361600285714287,-5.612428571428572,2.9
2018/2/18,0.703345725,0.359354226,0.487662338,0.6625,16.875270257595428,0.11504354285714284,0.19257142857142864,16.4
2018/2/26,0.800762631,0.327026396,0.41180867,0.0375,16.26364105767771,0.24783715714285717,1.2504285714285717,5.6000000000000005
2018/3/6,0.768058078,0.331149751,0.419321619,0.1125,17.345468828571427,0.4389599142857143,-0.2852857142857143,3.4000000000000004
2018/3/14,0.735353526,0.335273107,0.426834567,0.65,24.749837098992,0.43255814285714284,-2.700714285714286,9.0
2018/3/22,0.702648973,0.339396462,0.434347516,0.75,32.77941720048,0.2147332857142857,0.21771428571428575,0.2
2018/3/30,0.669944421,0.343519818,0.441860465,1.1125,32.13370954326857,0.42555928571428575,3.5440000000000005,9.8
2018/4/7,0.698152127,0.342659692,0.393136163,1.825,42.16519054368,0.6199482857142858,-1.364857142857143,2.8
2018/4/15,0.726359833,0.341799567,0.344411861,3.1375,25.224822771017138,1.3427432857142858,2.8240000000000003,28.6
2018/4/23,0.715157681,0.395047391,0.330702447,6.525,39.212198999588566,3.4800314285714284,8.959,38.6
2018/5/1,0.75020475,0.360218648,0.258539458,5.7875,34.90192954285714,5.2610471428571435,12.555285714285716,37.199999999999996
2018/5/9,0.758508159,0.330892821,0.302486188,7.0375,61.12389162692571,5.750607142857143,11.128857142857145,0.0
2018/5/17,0.793553338,0.40403251,0.322954996,9.25,46.479600771017154,5.190414285714286,11.949714285714284,14.0
2018/5/25,0.807202619,0.428659738,0.328697513,6.0625,50.1025026861257,7.681737142857144,15.35457142857143,1.0
2018/6/2,0.831083687,0.423778809,0.427111512,9.875,38.19330205714286,8.893418571428573,13.472142857142858,15.899999999999999
2018/6/10,0.8110634,0.567054003,0.331723626,9.475,51.60663282857142,10.140604285714286,15.897428571428568,31.3
2018/6/18,0.792014303,0.490188846,0.326130099,9.375,55.26718945590858,10.91041142857143,18.413285714285713,4.3
2018/6/26,0.856282919,0.44757335,0.498784933,10.625,44.80988014326856,10.936229999999998,18.161,37.10000000000001
2018/7/4,0.842271293,0.505490345,0.377683416,10.075,54.744771599177156,11.87941857142857,22.92928571428572,3.9
2018/7/12,0.876110563,0.623485194,0.406475486,9.5375,43.585169657142856,15.226871428571428,19.46257142857143,1.3
2018/7/20,0.844216109,0.487296242,0.366069236,8.4375,49.87864128836571,13.587285714285713,21.058142857142855,4.3
2018/7/28,0.859639688,0.572262199,0.380714714,8.6,43.84936362898285,12.333364285714286,21.85657142857143,11.9
2018/8/5,0.859510551,0.553190304,0.375112721,4.1875,37.52804571346286,11.570034285714284,22.98128571428571,60.0
2018/8/13,0.859381415,0.534118409,0.369510728,7.25,40.93456165755428,12.666014285714285,20.622714285714284,13.3
2018/8/21,0.859252278,0.515046514,0.363908735,8.4125,41.585391257554285,11.887817142857143,18.243285714285715,8.299999999999999
2018/8/29,0.8735363,0.438582739,0.409277745,7.525,42.06601208612571,10.064707142857142,20.077428571428573,0.4
2018/9/6,0.868052779,0.433644934,0.387585388,6.175,42.92155234244571,10.143161428571428,16.702428571428573,0.1
2018/9/14,0.854482759,0.4756238,0.385725329,5.075,36.34822362774857,9.871,18.824,41.900000000000006
2018/9/22,0.845905867,0.489936144,0.406534021,3.8875,25.645184999588572,8.23094142857143,11.902,24.8
2018/9/30,0.748331745,0.419576682,0.374812594,2.6125,18.15431374326857,2.0523979999999997,10.309142857142856,15.600000000000001
2018/10/8,0.71318822,0.320717055,0.356081081,1.975,18.150795514285715,4.373411428571428,9.93557142857143,26.1
2018/10/16,0.765745008,0.384452242,0.327367206,0.95,22.26537977225143,6.1672085714285725,5.925714285714286,4.8999999999999995
2018/10/24,0.79471891,0.373558616,0.316052467,1.4375,13.686509057636574,4.227944285714285,1.080857142857143,46.9
2018/11/1,0.813855356,0.354553463,0.326311628,0.275,9.179397513791999,2.8264685714285713,4.295285714285714,61.8
2018/11/9,0.832991803,0.33554831,0.336570788,0.0,13.515038486166853,2.832680142857143,2.5144285714285703,59.4
2018/11/17,0.40169442,0.350568558,0.6133154,0.275,11.312528399177143,2.1221528571428574,-4.3754285714285714,4.9
2018/11/25,0.528351953,0.353774191,0.582773705,0.0375,8.757103371716571,1.4526085714285712,-1.461714285714286,2.7
2018/12/3,0.655009486,0.356979823,0.55223201,0.0875,8.427212742034287,1.3294224285714287,-3.692,22.1
2018/12/11,0.781667019,0.360185456,0.521690316,0.0625,12.471411858377145,1.5056814285714286,-7.839,0.4
2018/12/19,0.908324552,0.363391088,0.491148621,0.0,9.010104943638856,1.2969987142857142,-0.6341428571428575,42.1
2018/12/27,0.832396525,0.330976472,0.492922565,0.075,10.78278557142857,1.4169128571428569,-7.183285714285714,13.8
2019/1/1,0.805210421,0.386420465,0.474304419,0.025,8.479501457595427,3.0899428571428578,-6.18,8.399999999999999
2019/1/9,0.263082437,0.284864166,0.742828882,0.0125,11.166583628571429,4.880564285714286,-9.118714285714285,10.0
2019/1/17,0.565927655,0.337008385,0.596985323,0.0,9.727680600699426,4.328347142857143,-11.695857142857141,0.0
2019/1/25,0.671428571,0.380481223,0.547960309,0.075,12.943961743638855,5.226992857142858,-7.237,39.6
2019/2/2,0.68996139,0.350369762,0.528455858,0.0125,15.52975251469714,6.1096571428571425,-7.434428571428573,7.0
2019/2/10,0.708494208,0.320258301,0.508951407,0.0,17.927005886043432,6.620855714285715,-7.424285714285715,4.6
2019/2/18,0.528784316,0.36001666,0.570704275,0.0375,21.454381029353147,7.711587142857143,-6.974285714285715,3.0
2019/2/26,0.349074424,0.399775018,0.632457143,0.1,24.762912172251433,8.209272857142858,-8.405285714285714,0.6
2019/3/6,0.446343064,0.38127179,0.580165408,0.325,27.66130457184,8.825892857142858,-7.614285714285714,0.0
2019/3/14,0.543611704,0.362768561,0.527873673,0.5125,32.74885774248685,9.469800000000001,-0.30185714285714293,0.9
2019/3/22,0.640880344,0.344265333,0.475581938,1.675,33.14711134240457,9.620904285714285,0.12457142857142843,22.8
2019/3/30,0.738148984,0.325762104,0.423290203,1.7125,28.977706286537142,8.70097142857143,2.5737142857142854,17.7
2019/4/7,0.707553708,0.381867824,0.418537709,2.8125,,9.991287142857143,1.8235714285714284,21.680999999999997
2019/4/15,0.744055069,0.426134327,0.362836186,2.0625,,9.288307142857144,7.579714285714286,26.412000000000003
2019/4/23,0.730950775,0.407411583,0.275211128,2.5,,6.823887142857143,7.6814285714285715,31.009
2019/5/1,0.736568458,0.400112973,0.248753739,3.775,,10.25102,7.8188571428571425,9.312
2019/5/9,0.759068518,0.33683081,0.288291243,1.775,40.34825118288,11.22781,9.064714285714286,21.469
2019/5/17,0.767741973,0.398891637,0.305518201,5.5375,25.338112200000005,8.986775714285715,9.140428571428572,25.700000000000003
2019/5/25,0.776415428,0.460952464,0.322745159,8.725,34.74896579917714,9.45088142857143,11.674142857142858,24.000000000000004
2019/6/2,0.785088883,0.523013292,0.339972117,9.35,45.372695865325696,10.217715714285713,13.845285714285714,15.0
2019/6/10,0.857587549,0.433431662,0.39672323,9.1,48.18228942815999,8.434418571428571,15.990999999999998,32.2
2019/6/18,0.836041359,0.593001327,0.33345253,10.05,45.339557142857146,8.703528571428572,17.330571428571428,34.4
2019/6/26,0.838913455,0.500056482,0.375383888,8.125,37.45684362898286,8.128937142857142,17.31485714285714,44.099999999999994
2019/7/4,0.857819905,0.558459472,0.391522238,9.4125,57.6793879701943,8.499794285714286,21.990714285714287,19.5
2019/7/12,0.838978015,0.517557364,0.345652174,9.45,50.55651745673141,10.219774285714285,20.570142857142855,8.7
2019/7/20,0.836414566,0.543897996,0.341243863,9.65,50.39952968612572,9.820764285714287,20.940285714285714,15.6
2019/7/28,0.868336315,0.469893514,0.393648252,8.6,53.35480465632,10.602352857142858,22.130857142857142,4.800000000000001
2019/8/5,0.876256767,0.44462758,0.383518677,8.675,43.74101699995886,7.7898628571428565,19.597428571428573,43.9
2019/8/13,0.856532878,0.404859934,0.415825464,9.0625,38.20768225837715,7.361368571428571,18.488285714285716,5.8
2019/8/21,0.85045045,0.522316488,0.366297118,7.9,39.25534397142857,8.966547142857141,19.00714285714286,17.8
2019/8/29,0.871829105,0.398429873,0.40293529,6.8,37.585928314697135,7.515594285714286,16.773857142857143,29.699999999999996
2019/9/6,0.825869089,0.497340726,0.376948512,6.7375,33.441586455456005,6.969381428571429,13.620571428571427,7.9
2019/9/14,0.819701927,0.440223333,0.364032698,6.6375,33.40169305751314,6.284610000000001,12.757000000000001,0.6
2019/9/22,0.789141856,0.430948738,0.355266649,2.725,28.160844686125717,5.061368571428572,16.548714285714286,36.8
2019/9/30,0.807657247,0.35938831,0.364293086,3.2875,22.17937859995886,3.2311381428571435,9.52742857142857,4.3
2019/10/8,0.719474498,0.360978636,0.271791941,2.1375,20.062513028530287,1.1448142857142858,10.668999999999999,17.3
2019/10/16,0.834997373,0.333599261,0.325740319,1.7375,20.929197857554286,3.054538571428572,8.461285714285715,18.700000000000003
2019/10/24,0.752198241,0.365451085,0.290550486,1.3875,13.279634999053712,1.388908142857143,7.399714285714286,49.300000000000004
2019/11/1,0.777691108,0.386164691,0.257726269,0.2375,14.312050714738284,1.9500924285714285,7.7895714285714295,20.2
2019/11/9,0.806443319,0.375540342,0.315862089,0.2125,10.36147371391543,1.161376857142857,-2.359142857142857,0.7
2019/11/17,0.835195531,0.364915992,0.373997909,0.2625,12.098639314738287,0.3776022157142857,-2.1979999999999995,18.6
2019/11/25,0.81517094,0.319661486,0.383550489,0.0,11.785440343268569,0.5541329428571429,-0.024142857142857084,27.700000000000003
2019/12/3,0.741719639,0.427365256,0.611764706,0.175,9.69833854368,0.009056142857142858,-4.937714285714286,0.2
2019/12/11,0.817091454,0.326908466,0.403861004,0.075,7.401406628201142,0.0,1.0334285714285711,44.5
2019/12/19,0.790148764,0.333206757,0.440987575,0.1,8.66587088493257,0.0023062,-6.8378571428571435,3.1
2019/12/27,0.763206075,0.339505048,0.478114146,0.0125,8.592133884809144,0.0,-3.6622857142857144,2.8000000000000003
2020/1/1,0.736263385,0.34580334,0.515240717,0.025,6.2653736566902865,0.0,-1.4795714285714285,4.3999999999999995
2020/1/9,0.709320695,0.352101631,0.552367288,0.025,7.084421743268573,0.0,-4.771571428571428,13.0
2020/1/17,0.75653562,0.358554975,0.501288834,0.1125,13.001138999958858,0.0,-10.117857142857144,1.2
2020/1/25,0.803750545,0.365008318,0.450210379,0.0125,12.632703942075427,0.0,-1.8800000000000001,22.3
2020/2/2,0.730421687,0.360233223,0.378524295,0.05,11.868378429065142,0.012004375714285715,-3.1131428571428574,0.0
2020/2/10,0.676576274,0.355162758,0.39872274,0.125,12.875918141622858,0.07645794285714287,-7.223285714285714,4.9
2020/2/18,0.622730862,0.350092293,0.418921186,0.5375,9.870174257595426,0.20097659999999998,-7.333857142857142,0.6
2020/2/26,0.568885449,0.345021828,0.439119631,0.525,18.487503000041144,0.035494395857142855,-1.063,1.5
2020/3/5,0.62002462,0.339871339,0.387697715,0.9,27.406002599177143,0.10805625414285715,1.4482857142857146,8.8
2020/3/13,0.641427328,0.315078449,0.433130699,1.275,26.535385798724576,0.04943157142857143,-0.845,15.299999999999999
2020/3/21,0.622421176,0.341185508,0.410490694,1.65,29.87163720164572,0.26047017142857143,-0.12499999999999993,12.399999999999999
2020/3/29,0.751894695,0.354603258,0.366946779,1.9875,21.605590286125718,1.4390744285714285,2.5942857142857143,42.099999999999994
2020/4/6,0.722038871,0.373425884,0.313933968,3.2125,36.82126774409142,2.7117399999999994,3.5901428571428573,11.299999999999999
2020/4/14,0.743503772,0.347339155,0.281972265,2.9875,38.725702201193144,2.0660592857142857,4.2575714285714295,29.7
2020/4/22,0.721500722,0.384630178,0.238836968,3.0625,46.35379954326858,2.313852428571429,4.247285714285715,6.0
2020/4/30,0.730091107,0.374197276,0.261165772,3.7875,37.57970494368,4.80209,8.67057142857143,9.8
2020/5/8,0.738681493,0.363764375,0.283494576,8.125,41.030502942857126,3.674968571428571,5.939428571428571,18.099999999999998
2020/5/16,0.74880996,0.392634974,0.258166491,8.6375,51.62971319999998,5.388444285714286,11.99157142857143,12.7
2020/5/24,0.745650111,0.434598223,0.260680832,6.9625,61.19677394856001,7.747801428571429,17.207142857142856,0.0
2020/6/1,0.779302772,0.504693166,0.300822798,9.225,,9.612781428571429,14.510428571428573,2.3000000000000003
2020/6/9,0.790448625,0.499268739,0.304237824,11.0125,,8.848152857142859,15.522142857142857,2.6
2020/6/17,0.810185185,0.515995872,0.346244889,9.5625,,10.016315714285712,21.660285714285713,0.0
2020/6/25,0.854720181,0.550098232,0.34965035,9.275,,12.247199999999998,20.367285714285714,12.5
2020/7/3,0.855862316,0.466065292,0.451486259,10.0125,45.40853648612571,13.493528571428572,18.235857142857146,25.200000000000003
2020/7/11,0.862880886,0.481434257,0.374904166,7.575,43.67503877142857,9.916774285714284,21.179571428571425,7.199999999999999
2020/7/19,0.856229059,0.523054594,0.378733032,9.4875,41.24938415204571,9.030518571428571,21.139285714285712,29.2
2020/7/27,0.87426115,0.585483465,0.360905189,7.7875,43.42013845755429,8.913898571428572,22.81514285714286,26.8
2020/8/4,0.859708193,0.563276712,0.364628371,9.8375,46.63282152095999,9.506728571428573,21.656714285714283,10.797
2020/8/12,0.86846543,0.553842845,0.36201598,6.1875,47.51294400205714,8.228864285714286,22.385571428571428,3.5
2020/8/20,0.851485646,0.514703018,0.3444439,7.3375,31.77811199808,8.534724285714287,17.94,22.085000000000004
2020/8/28,0.834505863,0.475563192,0.32687182,8.1625,37.29914430048,7.411257142857143,14.805142857142856,51.818
2020/9/5,0.853521127,0.511728279,0.344992051,6.0375,38.86652931552,7.585928571428572,17.684571428571427,1.166
2020/9/13,0.871204188,0.348627697,0.387961165,4.325,35.47408165632,5.0791757142857135,13.508142857142857,0.1
2020/9/21,0.774322523,0.357142857,0.356657609,3.6625,32.07916237824,5.607218571428571,12.046285714285714,0.0
2020/9/29,0.751123076,0.358138114,0.315839811,3.6875,17.96134705755428,4.027701428571428,15.443714285714284,17.6
2020/10/7,0.727923628,0.35913337,0.275022014,2.4625,25.57661348653714,2.8545100000000003,10.410142857142857,4.6
2020/10/15,0.698584513,0.335345138,0.24618204,0.075,18.541687886907425,4.21851,9.06342857142857,83.6
2020/10/23,0.743955178,0.33663076,0.262221455,1.1375,12.453897085261715,3.6688114285714284,7.017142857142858,10.7
2020/10/31,0.789325843,0.337916383,0.27826087,1.5375,10.588405113874286,1.2506585714285714,0.17514285714285707,16.1
2020/11/8,0.803097345,0.305542696,0.348779479,0.8,15.772247228612569,2.1016975714285713,12.144857142857143,0.30000000000000004
2020/11/16,0.815833801,0.306126749,0.284352661,0.5125,11.462315400370287,1.376762,1.0494285714285716,12.6
2020/11/24,0.809915925,0.320972302,0.285207265,0.4375,7.382841684932572,0.244974529,0.15271428571428577,48.900000000000006
2020/12/2,0.80399805,0.335817856,0.28606187,0.0,7.573644257513141,0.03519096142857143,3.6264285714285722,106.30000000000001
2020/12/10,0.795429031,0.354976369,0.29338817,0.1625,5.412696428653714,0.3885973714285714,-1.598,9.5
2020/12/18,0.786860012,0.374134882,0.30071447,0.1375,9.309678428489143,0.19050463714285712,-6.513714285714287,4.5
2020/12/26,0.778290993,0.393293395,0.30804077,,6.96458385,0.058202575,0.2908749999999998,19.4
