Date,GF_NDVI,GF_EVI,GF_LSWI,Mod17_GPP
2007/1/1,0.809026694,0.320900788,0.448847799,0.075
2007/1/9,0.82173913,0.307504576,0.50990991,0
2007/1/17,0.768726592,0.323521299,0.483313702,0
2007/1/25,0.83074451,0.311145883,0.485441113,0
2007/2/2,0.684633573,0.311177458,0.587097191,0
2007/2/10,0.538522637,0.311209033,0.688753269,0
2007/2/18,0.651400938,0.318051042,0.574035427,0.0875
2007/2/26,0.764279238,0.324893051,0.459317585,0.4875
2007/3/6,0.745335095,0.344625952,0.436368489,0.2125
2007/3/14,0.726390952,0.364358852,0.413419393,1.95
2007/3/22,0.707446809,0.384091753,0.390470297,1.1375
2007/3/30,0.702087878,0.402925817,0.332195122,1.0375
2007/4/7,0.632346811,0.337291,0.476621418,2.2
2007/4/15,0.700146694,0.351934339,0.418464851,3.6375
2007/4/23,0.767946578,0.366577679,0.360308285,5.4125
2007/5/1,0.761239139,0.392114891,0.326315789,5.8125
2007/5/9,0.769136308,0.371255829,0.315276932,4.95
2007/5/17,0.744482437,0.444193034,0.313362977,6.475
2007/5/25,0.796014068,0.499007864,0.312486614,8.4125
2007/6/2,0.804815214,0.526166725,0.338158822,10.6375
2007/6/10,0.81361636,0.553325587,0.36383103,9.7875
2007/6/18,0.833571429,0.451800232,0.434078212,10.1875
2007/6/26,0.834325654,0.572753767,0.408467501,9.45
2007/7/4,0.847914184,0.616785157,0.387755102,9.0875
2007/7/12,0.843155148,0.564147054,0.367219785,9.6625
2007/7/20,0.838396112,0.511508951,0.346684468,8.6125
2007/7/28,0.801759531,0.496549219,0.291298865,4.8125
2007/8/5,0.843482906,0.565686239,0.371076679,8.5875
2007/8/13,0.872183531,0.422219578,0.428571429,8.5375
2007/8/21,0.863439931,0.404077175,0.412381264,4.325
2007/8/29,0.852686308,0.394610202,0.374919614,6.5125
2007/9/6,0.842615012,0.410926553,0.378207063,7.1625
2007/9/14,0.811646298,0.435084204,0.330517423,6.5
2007/9/22,0.811149033,0.41868932,0.40760389,5.1875
2007/9/30,0.753554502,0.414787761,0.315054582,3.2875
2007/10/8,0.732173913,0.3350577,0.320079523,3.7375
2007/10/16,0.760596181,0.327333226,0.367088608,2.55
2007/10/24,0.808695652,0.341423618,0.349675559,1.2375
2007/11/1,0.79109063,0.318740716,0.321995465,0.675
2007/11/9,0.79969651,0.326127315,0.328603435,0.45
2007/11/17,0.766223612,0.378583018,0.32960565,0.2
2007/11/25,0.757914339,0.324354479,0.326308395,0
2007/12/3,0.321013005,0.323284776,0.714539532,0.0125
2007/12/11,0.679107081,0.36953386,0.579396325,0.025
2007/12/19,0.564222549,0.38216034,0.626776814,0.0625
2007/12/27,0.449338017,0.39478682,0.674157303,0
2008/1/1,0.449338017,0.39478682,0.674157303,0.2375
2008/1/9,0.657290896,0.367869423,0.509777478,0
2008/1/17,0.668016103,0.370359378,0.514742995,0.0125
2008/1/25,0.67874131,0.372849333,0.519708513,0.0375
2008/2/2,0.546516008,0.328429153,0.649658497,0
2008/2/10,0.45881035,0.362392666,0.65260252,0.1125
2008/2/18,0.371104693,0.396356179,0.655546543,0.0375
2008/2/26,0.283399036,0.430319691,0.658490566,0.075
2008/3/5,0.471791261,0.414871213,0.545748292,0.175
2008/3/13,0.660183486,0.399422735,0.433006018,0.175
2008/3/21,0.673250351,0.395333567,0.427177421,0.55
2008/3/29,0.686317216,0.391244399,0.421348824,1.375
2008/4/6,0.699384081,0.387155231,0.415520227,3.9375
2008/4/14,0.712450945,0.383066063,0.40969163,4.55
2008/4/22,0.757525084,0.360252893,0.350032113,4.375
2008/4/30,0.7088649,0.402055735,0.261531031,5.5
2008/5/8,0.706443004,0.359373182,0.271229764,3.4625
2008/5/16,0.716642121,0.440840732,0.265306122,7.6125
2008/5/24,0.77274388,0.405732044,0.292488013,7.425
2008/6/1,0.707148157,0.537790151,0.325777949,9.775
2008/6/9,0.820584145,0.45138092,0.367101828,5.4875
2008/6/17,0.816105376,0.487727564,0.340687978,6.1125
2008/6/25,0.811626607,0.524074208,0.314274128,9.8625
2008/7/3,0.870024876,0.523538657,0.405468567,9.175
2008/7/11,0.831557057,0.557627946,0.352139704,9.15
2008/7/19,0.826284417,0.527335966,0.333747927,7.4625
2008/7/27,0.836031691,0.475583947,0.426659529,1.7875
2008/8/4,0.846939834,0.484872874,0.40592054,7.6875
2008/8/12,0.857847976,0.494161802,0.385181551,9.1375
2008/8/20,0.863282849,0.42415832,0.416744476,8.8875
2008/8/28,0.826153846,0.41953125,0.315964523,7.0625
2008/9/5,0.831247477,0.407093993,0.36626506,6.2375
2008/9/13,0.837218814,0.408582834,0.35997578,4.225
2008/9/21,0.833059211,0.405378366,0.417488076,1.1625
2008/9/29,0.782439652,0.374060945,0.373689164,4.0375
2008/10/7,0.731820092,0.342743523,0.329890252,2.375
2008/10/15,0.788270378,0.32501332,0.349081365,1.3875
2008/10/23,0.7868676,0.302678978,0.325349301,1.4125
2008/10/31,0.794928335,0.30245826,0.33442623,0.9
2008/11/8,0.796306069,0.314244065,0.348652932,0.3
2008/11/16,0.710714286,0.31681592,0.325951557,0.525
2008/11/24,0.797752809,0.309747382,0.391880696,0.2875
2008/12/2,0.764517421,0.372502342,0.333535109,0.05
2008/12/10,0.579104822,0.354302793,0.495145059,0
2008/12/18,0.393692224,0.336103245,0.65675501,0.05
2008/12/26,0.621861152,0.366948488,0.5470236,0
2009/1/1,0.507850268,0.349238007,0.590931155,0
2009/1/9,0.393839384,0.331527527,0.63483871,0
2009/1/17,0.39628483,0.369372836,0.657072872,0
2009/1/25,0.557392814,0.352276909,0.585739528,0.0125
2009/2/2,0.718500797,0.335180983,0.514406184,0
2009/2/10,0.697892986,0.340614726,0.512246767,0.025
2009/2/18,0.677285174,0.346048469,0.51008735,0.0125
2009/2/26,0.656677363,0.351482212,0.507927932,0.3375
2009/3/6,0.636069551,0.356915956,0.505768515,0.45
2009/3/14,0.641880054,0.366000588,0.449562589,0.9875
2009/3/22,0.647690557,0.37508522,0.393356663,0.3375
2009/3/30,0.653501059,0.384169852,0.337150737,2.2625
2009/4/7,0.659311562,0.393254484,0.28094481,2.9875
2009/4/15,0.682336182,0.362042251,0.265809218,5.175
2009/4/23,0.703950104,0.331505776,0.195798074,0.5875
2009/5/1,0.739782192,0.336369679,0.268652102,5.875
2009/5/9,0.775614279,0.341233581,0.34150613,5.725
2009/5/17,0.748780488,0.448994516,0.260105448,6.7
2009/5/25,0.776127927,0.489306546,0.34283247,7.9625
2009/6/2,0.790447248,0.475190851,0.338243738,7.8125
2009/6/10,0.804766569,0.461075156,0.333655006,4.2625
2009/6/18,0.590168176,0.442397207,0.325997843,0.4375
2009/6/26,0.718593048,0.509390647,0.349207188,7.9375
2009/7/4,0.847017919,0.576384086,0.372416534,9.9
2009/7/12,0.847503045,0.590061058,0.383941606,5.2875
2009/7/20,0.852064943,0.578728262,0.385844115,8.5375
2009/7/28,0.856626841,0.567395465,0.387746625,9.7875
2009/8/5,0.842704888,0.447816577,0.391231964,9.5625
2009/8/13,0.847110461,0.449831022,0.338102809,8.5375
2009/8/21,0.836698859,0.526829808,0.357560026,5.2375
2009/8/29,0.858954041,0.427225791,0.423975721,7.85
2009/9/6,0.844102564,0.469927674,0.400311526,5.15
2009/9/14,0.792906645,0.383009728,0.377819549,4.825
2009/9/22,0.761030596,0.438893016,0.363591022,0.2375
2009/9/30,0.747181965,0.3850759,0.343260911,2.325
2009/10/8,0.733333333,0.331258783,0.322930801,1.8375
2009/10/16,0.759281926,0.364944895,0.316239316,1.7875
2009/10/24,0.781530343,0.306625259,0.288057993,1.8375
2009/11/1,0.786585366,0.31935963,0.362262689,1.3875
2009/11/9,0.756578947,0.323345116,0.326943557,1.25
2009/11/17,0.771106942,0.332672306,0.340909091,0.7125
2009/11/25,0.817322835,0.324307436,0.38757515,0.35
2009/12/3,0.386027112,0.403267974,0.594912407,0.0375
2009/12/11,0.569064748,0.368421053,0.579290369,0
2009/12/19,0.469578823,0.328257368,0.63381062,0.075
2009/12/27,0.370092898,0.288093683,0.688330871,0.0125
2010/1/1,0.575795348,0.318447156,0.592777061,0
2010/1/9,0.781497797,0.348800629,0.497223251,0.0125
2010/1/17,0.72604585,0.345322231,0.52247039,0.275
2010/1/25,0.670593903,0.341843833,0.54771753,0.0125
2010/2/2,0.615141956,0.338365435,0.57296467,0.1125
2010/2/10,0.633708352,0.329870941,0.533482901,0.5625
2010/2/18,0.652274748,0.321376447,0.494001132,0.525
2010/2/26,0.670841144,0.312881954,0.454519363,1.0125
2010/3/6,0.68940754,0.30438746,0.415037594,1.075
2010/3/14,0.710986704,0.375934286,0.312399356,0.4375
2010/3/22,0.722986248,0.299223483,0.323773585,3.2875
2010/3/30,0.70332681,0.351182333,0.324003651,3.4125
2010/4/7,0.72851296,0.403034077,0.274327382,2.6625
2010/4/15,0.72045977,0.314469195,0.30474198,2.65
2010/4/23,0.750000608,0.333850917,0.309272032,6.2125
2010/5/1,0.779541446,0.353232638,0.313802083,5.5875
2010/5/9,0.773063973,0.435095698,0.334177857,8.425
2010/5/17,0.727538349,0.385359437,0.358024691,7.8875
2010/5/25,0.812596959,0.484354194,0.372972973,3.6625
2010/6/2,0.833398321,0.454231547,0.40493905,8.675
2010/6/10,0.854199683,0.424108899,0.436905127,10.425
2010/6/18,0.826229508,0.474934037,0.381105877,9.725
2010/6/26,0.854856718,0.451294746,0.408705483,8.6375
2010/7/4,0.845639826,0.48170987,0.361932939,9.575
2010/7/12,0.865654649,0.448397877,0.434909515,9.6875
2010/7/20,0.862106406,0.571058688,0.394592397,9.925
2010/7/28,0.872662157,0.435101782,0.407296651,6.825
2010/8/5,0.847870778,0.531969781,0.374099148,2.45
2010/8/13,0.85630801,0.474602751,0.406982804,6.6125
2010/8/21,0.878235858,0.373694517,0.429927007,6.9
2010/8/29,0.856935367,0.459269062,0.413878905,6.6875
2010/9/6,0.846153846,0.533338194,0.377940859,6.6375
2010/9/14,0.836748871,0.459943486,0.371369295,1.6375
2010/9/22,0.807599879,0.406019811,0.359013612,4.1125
2010/9/30,0.778450887,0.352096137,0.346657929,3.575
2010/10/8,0.739130435,0.374125348,0.349091957,2.8
2010/10/16,0.806253203,0.32761278,0.36377709,1.7625
2010/10/24,0.810306089,0.328502511,0.356564365,0.6875
2010/11/1,0.814358974,0.329392242,0.34935164,1.2875
2010/11/9,0.783433134,0.32380481,0.303428155,0.6125
2010/11/17,0.818273599,0.328376955,0.34052847,0.325
2010/11/25,0.743060498,0.389988793,0.280522876,0.0875
2010/12/3,0.461442006,0.327474972,0.631210637,0.1
2010/12/11,0.651818857,0.331033443,0.631231672,0.1125
2010/12/19,0.732979664,0.316847577,0.626556017,0
2010/12/27,0.354593774,0.37850543,0.661853749,0.1
2011/1/1,0.354593774,0.37850543,0.661853749,0.0875
2011/1/9,0.392942667,0.371790401,0.641264789,0
2011/1/17,0.431291561,0.365075372,0.620675829,0
2011/1/25,0.469640454,0.358360342,0.600086868,0.0375
2011/2/2,0.507989348,0.351645313,0.579497908,0
2011/2/10,0.699447514,0.343027457,0.557205535,0.0375
2011/2/18,0.663544399,0.337809484,0.492436975,0
2011/2/26,0.593788065,0.301829319,0.602537313,0.2875
2011/3/6,0.524031731,0.265849155,0.712637651,1
2011/3/14,0.710403727,0.3745855,0.40363173,0.425
2011/3/22,0.73505931,0.383288644,0.393056295,1.6125
2011/3/30,0.759714894,0.391991788,0.382480859,3.325
2011/4/7,0.784370478,0.400694932,0.371905424,2
2011/4/15,0.692307692,0.305311333,0.359912217,3.35
2011/4/23,0.748279253,0.30874716,0.300658376,3.725
2011/5/1,0.651044965,0.373940562,0.232624113,1.5
2011/5/9,0.71021264,0.382595366,0.277717497,1.35
2011/5/17,0.769380315,0.39125017,0.322810881,9.7875
2011/5/25,0.82854799,0.399904973,0.367904265,10.15
2011/6/2,0.795371498,0.386909464,0.288086222,7.7375
2011/6/10,0.780674412,0.499673535,0.318229494,6.0125
2011/6/18,0.804501608,0.473146747,0.352941176,8.1625
2011/6/26,0.814072242,0.505484414,0.338535414,9.725
2011/7/4,0.823642877,0.537822081,0.324129652,9.8875
2011/7/12,0.847880299,0.512897873,0.395480226,4.125
2011/7/20,0.784341303,0.590498376,0.402099834,9.525
2011/7/28,0.875243665,0.442800789,0.430696014,9.2125
2011/8/5,0.833194791,0.547962679,0.341443633,5.7625
2011/8/13,0.854625551,0.512336829,0.369423792,8.2625
2011/8/21,0.856236786,0.407608696,0.426714332,8.9625
2011/8/29,0.865030675,0.442769666,0.407000289,7.525
2011/9/6,0.849636217,0.417262188,0.395121951,6.3125
2011/9/14,0.83863275,0.418119848,0.33583598,3.8125
2011/9/22,0.796381994,0.371045513,0.336045056,3.9375
2011/9/30,0.767261443,0.387144758,0.338032305,3.6375
2011/10/8,0.680395387,0.182759536,0.400137268,3.6875
2011/10/16,0.740997694,0.247324985,0.366078098,1.6125
2011/10/24,0.8016,0.311890434,0.332018927,1.8
2011/11/1,0.815153143,0.315227329,0.344210107,0.65
2011/11/9,0.808604154,0.311720407,0.336644344,0.6
2011/11/17,0.802055165,0.308213484,0.32907858,0.6625
2011/11/25,0.785676947,0.312136568,0.304812834,0.475
2011/12/3,0.836808704,0.356825299,0.354278075,0.1125
2011/12/11,0.732114467,0.360865136,0.2761347,0.0125
2011/12/19,0.842224745,0.313689017,0.383042182,0.0375
2011/12/27,0.82295831,0.304947729,0.422459893,0.1375
2012/1/1,0.760752688,0.339138771,0.385266126,0
2012/1/9,0.837652812,0.341167098,0.44761171,0.0625
2012/1/17,0.794197643,0.337416224,0.560725552,0.125
2012/1/25,0.678217822,0.323583829,0.428872497,0
2012/2/2,0.656804734,0.316530666,0.513513514,0.125
2012/2/10,0.614103061,0.343192448,0.471045198,0.3125
2012/2/18,0.744041071,0.367852351,0.391864208,0.0375
2012/2/26,0.732168803,0.351284221,0.394528452,0.825
2012/3/5,0.720296536,0.33471609,0.397192695,2.35
2012/3/13,0.708424269,0.318147959,0.399856938,2.6375
2012/3/21,0.663981588,0.33124115,0.271395076,1.375
2012/3/29,0.771790808,0.303477213,0.294480895,2.0625
2012/4/6,0.746981627,0.29243732,0.308690523,5.375
2012/4/14,0.723458592,0.37632368,0.252054068,3.175
2012/4/22,0.775431862,0.331039004,0.343988376,4.2625
2012/4/30,0.729064039,0.345969533,0.231218942,4.15
2012/5/8,0.763382816,0.33509735,0.273968151,7.7625
2012/5/16,0.770760973,0.453650015,0.308751459,7.35
2012/5/24,0.78450986,0.491090597,0.30002082,6.625
2012/6/1,0.822776711,0.479278473,0.361529271,10.6625
2012/6/9,0.787327824,0.513382432,0.312297735,10.9625
2012/6/17,0.840218505,0.471763217,0.403645833,9.3125
2012/6/25,0.86172723,0.631812048,0.398440269,11.075
2012/7/3,0.877399381,0.528632718,0.42481203,8.5625
2012/7/11,0.847357066,0.565087587,0.38804458,10.0375
2012/7/19,0.866551127,0.552201443,0.387886598,8.1125
2012/7/27,0.852160333,0.585814486,0.385244306,7.775
2012/8/4,0.871852088,0.515473633,0.404112865,2.3875
2012/8/12,0.847640077,0.558648039,0.365565075,8.2125
2012/8/20,0.863796477,0.434534357,0.359794403,3.875
2012/8/28,0.879730866,0.418634435,0.434071222,7.0875
2012/9/5,0.860655738,0.417661098,0.41875,5.725
2012/9/13,0.82358905,0.463695867,0.363659338,5.45
2012/9/21,0.791414944,0.462639405,0.380543984,4.2375
2012/9/29,0.74755877,0.381365314,0.356541269,2.475
2012/10/7,0.753633218,0.236687677,0.362365591,1.975
2012/10/15,0.829861111,0.302009182,0.350128096,2.5625
2012/10/23,0.800738007,0.314636066,0.305810398,0.475
2012/10/31,0.830862277,0.321962376,0.336877181,1.025
2012/11/8,0.860986547,0.329288685,0.367943964,0.725
2012/11/16,0.810810811,0.330326515,0.344135802,0.225
2012/11/24,0.816628702,0.30123519,0.343157895,0.175
2012/12/2,0.860410557,0.30754717,0.361957922,0.0625
2012/12/10,0.862869018,0.316650941,0.398532786,0.05
2012/12/18,0.865327478,0.325754713,0.43510765,0
2012/12/26,0.867785939,0.334858485,0.471682513,0
2013/1/1,0.752490823,0.318478406,0.551532033,0.1125
2013/1/9,0.780745412,0.322640536,0.526388423,0.025
2013/1/17,0.809,0.326802666,0.501244813,0.0875
2013/1/25,0.715430862,0.310340331,0.515044248,0
2013/2/2,0.844758065,0.335025787,0.476997579,0.0875
2013/2/10,0.838089755,0.331976192,0.444109858,0.125
2013/2/18,0.831421446,0.328926598,0.411222137,0.5875
2013/2/26,0.726093639,0.343466994,0.413100622,0.65
2013/3/6,0.620765832,0.358007389,0.414979106,0.175
2013/3/14,0.745814307,0.375824513,0.403058104,0.725
2013/3/22,0.746398221,0.342291148,0.385978541,1.35
2013/3/30,0.746982134,0.308757784,0.368898978,0.3375
2013/4/7,0.752862944,0.3554457,0.34309691,3.2875
2013/4/15,0.758743754,0.402133616,0.317294841,5.2375
2013/4/23,0.768829232,0.396935397,0.317777778,6.9375
2013/5/1,0.757159221,0.381742579,0.276206323,4.8125
2013/5/9,0.772675776,0.425796186,0.289255644,5.425
2013/5/17,0.788192331,0.469849793,0.302304965,6.6375
2013/5/25,0.774983881,0.446773714,0.303503788,8.4375
2013/6/2,0.841490139,0.445200186,0.397062898,7.5
2013/6/10,0.804394427,0.540822944,0.379070244,9.8875
2013/6/18,0.767954572,0.499585636,0.38968026,5.2875
2013/6/26,0.731514716,0.458348327,0.400290276,9.2375
2013/7/4,0.879017013,0.45975875,0.427340609,9.6125
2013/7/12,0.868037135,0.49948487,0.380205781,4.7
2013/7/20,0.869346734,0.591250854,0.398219585,7.45
2013/7/28,0.860834409,0.537784449,0.398050791,8.8875
2013/8/5,0.852322085,0.484318044,0.397881997,6.35
2013/8/13,0.857461024,0.555575598,0.381080522,9.1125
2013/8/21,0.870675453,0.421518584,0.415394204,7.6625
2013/8/29,0.893188854,0.446024814,0.417149479,4.3125
2013/9/6,0.856950067,0.385377893,0.401697793,6.625
2013/9/14,0.830712303,0.366022662,0.404542229,5.4125
2013/9/22,0.797002141,0.37444668,0.37438585,4.9375
2013/9/30,0.762786596,0.343854349,0.391092554,4.1
2013/10/8,0.766478343,0.332339852,0.327671621,3.15
2013/10/16,0.779286927,0.363247863,0.314106583,1.2125
2013/10/24,0.825900054,0.316359295,0.358113509,1.275
2013/11/1,0.818090452,0.336155276,0.357598499,0.8625
2013/11/9,0.82289138,0.333277228,0.35869242,0.65
2013/11/17,0.827692308,0.330399181,0.359786341,0.05
2013/11/25,0.847230321,0.308427086,0.421265141,0.2125
2013/12/3,0.812306167,0.32286357,0.423235213,0
2013/12/11,0.777382012,0.337300054,0.425205284,0
2013/12/19,0.458677686,0.326102923,0.808710504,0
2013/12/27,0.452719481,0.341174996,0.669509017,0
2014/1/1,0.446761276,0.356247068,0.53030753,0.2375
2014/1/9,0.440803071,0.37131914,0.391106043,0.1
2014/1/17,0.7198755,0.318537756,0.606979643,0
2014/1/25,0.837535014,0.394860959,0.415536375,0.025
2014/2/2,0.226126499,0.257097199,0.748820755,0.025
2014/2/10,0.367955767,0.31102059,0.6641475,0.125
2014/2/18,0.509785036,0.36494398,0.579474246,0
2014/2/26,0.651614305,0.418867371,0.494800992,0.05
2014/3/6,0.793443574,0.472790762,0.410127737,0.125
2014/3/14,0.739279843,0.446446937,0.421084745,0.25
2014/3/22,0.685116112,0.420103112,0.432041753,0.675
2014/3/30,0.630952381,0.393759287,0.442998761,2
2014/4/7,0.759481361,0.428885228,0.367598891,2.45
2014/4/15,0.722882615,0.365872001,0.382002384,1.3125
2014/4/23,0.718350814,0.385198377,0.312712498,3.2625
2014/5/1,0.713819013,0.404524753,0.243422612,5.775
2014/5/9,0.742264003,0.367233828,0.320665083,4.4
2014/5/17,0.726372637,0.474780358,0.300045188,8.2
2014/5/25,0.808378871,0.426402767,0.368624207,8.775
2014/6/2,0.803183024,0.539942939,0.334249264,8.3875
2014/6/10,0.804917157,0.531610717,0.340611354,10.575
2014/6/18,0.856029685,0.44865811,0.450275442,9.6625
2014/6/26,0.854160175,0.511514201,0.411960133,10.1125
2014/7/4,0.781021996,0.489669349,0.364189022,7.05
2014/7/12,0.707883817,0.467824497,0.31641791,9.6375
2014/7/20,0.85892323,0.610041071,0.373733653,7.9625
2014/7/28,0.866666667,0.535028352,0.401557286,8.775
2014/8/5,0.882212257,0.549944092,0.415467626,7.775
2014/8/13,0.860869565,0.400080824,0.438172043,8.1875
2014/8/21,0.872696817,0.493371212,0.395755306,6.6
2014/8/29,0.849253213,0.467620396,0.40660502,5.475
2014/9/6,0.86711807,0.407988531,0.3975293,5.975
2014/9/14,0.843862069,0.556789225,0.377860235,6.2375
2014/9/22,0.782192789,0.409855028,0.395563238,3.85
2014/9/30,0.714173845,0.337927968,0.309994016,3.75
2014/10/8,0.76767222,0.340224289,0.353326439,2.525
2014/10/16,0.795454545,0.328799575,0.351431759,2.9
2014/10/24,0.847513812,0.323902027,0.360455655,0.7875
2014/11/1,0.797378639,0.320589802,0.437811905,0.7625
2014/11/9,0.747243465,0.317277577,0.515168155,0.275
2014/11/17,0.697108292,0.313965352,0.592524405,0.3
2014/11/25,0.646973118,0.310653127,0.669880655,0.0125
2014/12/3,0.596837945,0.307340902,0.747236905,0
2014/12/11,0.496249709,0.340690265,0.679262192,0.125
2014/12/19,0.395661473,0.374039628,0.611287478,0.075
2014/12/27,0.415216623,0.365510194,0.636328702,0
2015/1/1,0.434771773,0.356980761,0.661369926,0
2015/1/9,0.454326923,0.348451327,0.68641115,0.075
2015/1/17,0.661150512,0.315046375,0.448299553,0
2015/1/25,0.795389049,0.331147016,0.464733542,0
2015/2/2,0.78586307,0.342458605,0.477728762,0
2015/2/10,0.776337092,0.353770193,0.490723982,0
2015/2/18,0.766811113,0.365081782,0.503719202,0
2015/2/26,0.757285135,0.37639337,0.516714422,0.1375
2015/3/6,0.722643499,0.38920685,0.504316346,0
2015/3/14,0.688001864,0.40202033,0.49191827,0.25
2015/3/22,0.653360228,0.414833809,0.479520194,0.45
2015/3/30,0.618718593,0.427647289,0.467122118,2.2125
2015/4/7,0.685271705,0.404953724,0.417516602,3.1
2015/4/15,0.751824818,0.38226016,0.367911086,0.1375
2015/4/23,0.749607983,0.39147347,0.334893881,7.075
2015/5/1,0.747391148,0.400686781,0.301876676,5.4875
2015/5/9,0.774104683,0.339221762,0.314732902,7.6125
2015/5/17,0.797429621,0.48026243,0.321484814,7.475
2015/5/25,0.802092151,0.494104408,0.326505383,2.8625
2015/6/2,0.806754681,0.507946385,0.331525952,7.55
2015/6/10,0.811417211,0.521788362,0.336546521,6.0125
2015/6/18,0.854655564,0.440774576,0.421938479,10.2
2015/6/26,0.860622463,0.484903934,0.428200467,10.0125
2015/7/4,0.841077811,0.5581302,0.341614907,10.2
2015/7/12,0.86224754,0.593709884,0.367820464,1.375
2015/7/20,0.874417813,0.559421928,0.384075756,8.1625
2015/7/28,0.886588085,0.525133972,0.400331048,4.125
2015/8/5,0.936811872,0.400237238,0.405837387,7.775
2015/8/13,0.861241218,0.540371758,0.364377682,3.4125
2015/8/21,0.863896913,0.473713967,0.370951467,6.7625
2015/8/29,0.866552609,0.407056176,0.377525253,6.95
2015/9/6,0.853323147,0.44394102,0.35190861,8
2015/9/14,0.864257382,0.395076154,0.372930867,6.075
2015/9/22,0.857560263,0.452303899,0.373110151,3.925
2015/9/30,0.793044953,0.37249512,0.352527191,3.2
2015/10/8,0.759548611,0.348633357,0.375169607,1.0875
2015/10/16,0.760409771,0.351879472,0.327921987,1.5125
2015/10/24,0.761270932,0.355125586,0.280674368,2.4375
2015/11/1,0.861241218,0.540371758,0.364377682,1.3625
2015/11/9,0.811938722,0.319330175,0.282722513,0.6
2015/11/17,0.836392239,0.327461608,0.327520849,0.3125
2015/11/25,0.767605634,0.277083422,0.310704961,0.4875
2015/12/3,0.78049847,0.350082372,0.316095669,0.4375
2015/12/11,0.381886971,0.360201624,0.681726619,0.2625
2015/12/19,0.813897281,0.282804955,0.344982079,0.025
2015/12/27,0.567567568,0.378343419,0.552505148,0.05
2016/1/1,0.567567568,0.378343419,0.552505148,0.05
2016/1/9,0.14656198,0.261160809,0.36361064,0
2016/1/17,0.830864787,0.343119845,0.399561724,0.3
2016/1/25,0.068335364,0.187617831,0.056285589,0.375
2016/2/2,0.082327113,0.226374712,0.06647001,0.1125
2016/2/10,0.063238963,0.213038076,0.097156929,0.3375
2016/2/18,NA,NA,NA,0.125
2016/2/26,0.804655408,0.336745998,0.436773256,0.95
2016/3/5,0.772660819,0.401641524,0.351727982,0.9875
2016/3/13,0.743615935,0.296344541,0.358535615,0.3375
2016/3/21,0.747975709,0.301177813,0.356637863,0.85
2016/3/29,0.744584547,0.348295434,0.332383204,1.4125
2016/4/6,0.741193386,0.395413055,0.308128544,3.65
2016/4/14,0.750465549,0.325577638,0.268128162,2.85
2016/4/22,0.746962715,0.35378388,0.289823693,2.825
2016/4/30,0.751210068,0.316579634,0.27844523,5.45
2016/5/8,0.732191514,0.364492501,0.256707145,7.0375
2016/5/16,0.750609261,0.360388471,0.275525303,8.1
2016/5/24,0.797286512,0.392503536,0.332150251,9.525
2016/6/1,0.854443104,0.425017001,0.397575758,7.4625
2016/6/9,0.759165826,0.462860424,0.368035574,11.875
2016/6/17,0.844583987,0.42418986,0.432926829,10.8125
2016/6/25,0.834804095,0.454877673,0.396560989,8.525
2016/7/3,0.861638492,0.592030021,0.394506137,9.9375
2016/7/11,0.864652568,0.527071823,0.401771519,10.95
2016/7/19,0.894224078,0.497522069,0.449800266,8.1
2016/7/27,0.863553826,0.596060877,0.396035756,8.9375
2016/8/4,0.858067493,0.586512755,0.40153445,3.8875
2016/8/12,0.85258116,0.576964633,0.407033145,8.8625
2016/8/20,0.838129496,0.518027198,0.399361022,8.3375
2016/8/28,0.848319448,0.540703849,0.383953538,7.0875
2016/9/5,0.85106383,0.428894802,0.408273381,5.2125
2016/9/13,0.848067227,0.480388423,0.404701073,5.6875
2016/9/21,0.861064892,0.410421128,0.40780365,4.65
2016/9/29,0.825809029,0.403537542,0.426342072,3.625
2016/10/7,0.716660643,0.358732226,0.381617219,2.825
2016/10/15,0.696110944,0.404534146,0.347222222,0.8375
2016/10/23,0.72065716,0.384600795,0.353838452,1.3375
2016/10/31,0.745203377,0.364667443,0.360454681,1.4625
2016/11/8,0.822742475,0.308554227,0.354037267,1.475
2016/11/16,0.816743342,0.324158971,0.37390786,0.4375
2016/11/24,0.810744209,0.339763714,0.393778452,0.2375
2016/12/2,0.82064354,0.338979452,0.434721537,0
2016/12/10,0.830542872,0.33819519,0.475664622,0.025
2016/12/18,0.67398412,0.317393982,0.563699825,0.0375
2016/12/26,0.595194628,0.326967339,0.601433567,0.0125
2017/1/1,0.516405136,0.336540696,0.639167309,0
2017/1/9,0.516405136,0.336540696,0.639167309,0.1125
2017/1/17,0.516405136,0.336540696,0.639167309,0.125
2017/1/25,0.842641663,0.394601199,0.517797179,0
2017/2/2,0.420525948,0.424696813,0.634270415,0
2017/2/10,0.520292748,0.349935114,0.583506584,0.4375
2017/2/18,0.596330275,0.383171041,0.54488655,0.2375
2017/2/26,0.678613627,0.372976015,0.500175994,0.125
2017/3/6,0.619335347,0.406584689,0.482710927,0.1125
2017/3/14,0.587038952,0.375325076,0.471867008,0.2125
2017/3/22,0.642857143,0.348201183,0.486627043,0.8375
2017/3/30,0.671704635,0.37480403,0.418229737,3.0625
2017/4/7,0.700552127,0.401406878,0.349832431,2.1375
2017/4/15,0.717340772,0.303298345,0.357090375,3.2625
2017/4/23,0.751358696,0.417311248,0.258789063,3.3625
2017/5/1,0.711314985,0.436315888,0.280842298,3.4875
2017/5/9,0.73854898,0.416054545,0.250902093,7.3875
2017/5/17,0.787778997,0.415540801,0.32483731,6.175
2017/5/25,0.786900091,0.476060042,0.310314298,7.9
2017/6/2,0.802191927,0.532999432,0.311928391,8.9375
2017/6/10,0.78950246,0.517080857,0.357809583,11.225
2017/6/18,0.834217507,0.477021083,0.381963527,9.8375
2017/6/26,0.636018086,0.440065834,0.317285356,7.525
2017/7/4,0.437818665,0.403110585,0.252607184,9.6
2017/7/12,0.854499043,0.502854139,0.372049103,9.975
2017/7/20,0.851676061,0.528009711,0.361395856,10.525
2017/7/28,0.881380302,0.471828818,0.403969957,9.2625
2017/8/5,0.8957902,0.500077053,0.453439153,9.475
2017/8/13,0.863065804,0.447040744,0.400629111,6.95
2017/8/21,0.853432282,0.512668103,0.378881988,6.6
2017/8/29,0.835864486,0.527596505,0.380324989,6.9625
2017/9/6,0.853432282,0.512668103,0.378881988,6.9625
2017/9/14,0.837748344,0.403235446,0.396665618,6.225
2017/9/22,0.809036658,0.381937457,0.380611581,5.0125
2017/9/30,0.76535002,0.387540101,0.34225394,3.95
2017/10/8,0.735030646,0.316009243,0.328040419,3.7625
2017/10/16,0.777673104,0.33623885,0.303626943,2.4375
2017/10/24,0.799121844,0.304615256,0.317524116,1.4875
2017/11/1,0.789423535,0.336064576,0.30461966,0.4625
2017/11/9,0.715481172,0.246590581,0.349318289,0.275
2017/11/17,0.820702403,0.35636889,0.229329173,0.35
2017/11/25,0.821888412,0.316882472,0.328118889,0.35
2017/12/3,0.838509317,0.352820554,0.389169675,0
2017/12/11,0.421289355,0.264085334,0.820451272,0
2017/12/19,0.265784335,0.321809489,0.769487413,0
2017/12/27,0.422337278,0.291356261,0.719266875,0
2018/1/1,0.500827815,0.29581459,0.607982262,0.0125
2018/1/9,0.362796072,0.323978539,0.630833045,0.0125
2018/1/17,0.292848769,0.313897964,0.687786961,0.075
2018/1/25,0.62031107,0.302044817,0.625516292,0
2018/2/2,0.647989289,0.321147953,0.579564974,0.1125
2018/2/10,0.675667507,0.34025109,0.533613656,0.2875
2018/2/18,0.703345725,0.359354226,0.487662338,0.6625
2018/2/26,0.800762631,0.327026396,0.41180867,0.0375
2018/3/6,0.768058078,0.331149751,0.419321619,0.1125
2018/3/14,0.735353526,0.335273107,0.426834567,0.65
2018/3/22,0.702648973,0.339396462,0.434347516,0.75
2018/3/30,0.669944421,0.343519818,0.441860465,1.1125
2018/4/7,0.698152127,0.342659692,0.393136163,1.825
2018/4/15,0.726359833,0.341799567,0.344411861,3.1375
2018/4/23,0.715157681,0.395047391,0.330702447,6.525
2018/5/1,0.75020475,0.360218648,0.258539458,5.7875
2018/5/9,0.758508159,0.330892821,0.302486188,7.0375
2018/5/17,0.793553338,0.40403251,0.322954996,9.25
2018/5/25,0.807202619,0.428659738,0.328697513,6.0625
2018/6/2,0.831083687,0.423778809,0.427111512,9.875
2018/6/10,0.8110634,0.567054003,0.331723626,9.475
2018/6/18,0.792014303,0.490188846,0.326130099,9.375
2018/6/26,0.856282919,0.44757335,0.498784933,10.625
2018/7/4,0.842271293,0.505490345,0.377683416,10.075
2018/7/12,0.876110563,0.623485194,0.406475486,9.5375
2018/7/20,0.844216109,0.487296242,0.366069236,8.4375
2018/7/28,0.859639688,0.572262199,0.380714714,8.6
2018/8/5,0.859510551,0.553190304,0.375112721,4.1875
2018/8/13,0.859381415,0.534118409,0.369510728,7.25
2018/8/21,0.859252278,0.515046514,0.363908735,8.4125
2018/8/29,0.8735363,0.438582739,0.409277745,7.525
2018/9/6,0.868052779,0.433644934,0.387585388,6.175
2018/9/14,0.854482759,0.4756238,0.385725329,5.075
2018/9/22,0.845905867,0.489936144,0.406534021,3.8875
2018/9/30,0.748331745,0.419576682,0.374812594,2.6125
2018/10/8,0.71318822,0.320717055,0.356081081,1.975
2018/10/16,0.765745008,0.384452242,0.327367206,0.95
2018/10/24,0.79471891,0.373558616,0.316052467,1.4375
2018/11/1,0.813855356,0.354553463,0.326311628,0.275
2018/11/9,0.832991803,0.33554831,0.336570788,0
2018/11/17,0.40169442,0.350568558,0.6133154,0.275
2018/11/25,0.528351953,0.353774191,0.582773705,0.0375
2018/12/3,0.655009486,0.356979823,0.55223201,0.0875
2018/12/11,0.781667019,0.360185456,0.521690316,0.0625
2018/12/19,0.908324552,0.363391088,0.491148621,0
2018/12/27,0.832396525,0.330976472,0.492922565,0.075
2019/1/1,0.805210421,0.386420465,0.474304419,0.025
2019/1/9,0.263082437,0.284864166,0.742828882,0.0125
2019/1/17,0.565927655,0.337008385,0.596985323,0
2019/1/25,0.671428571,0.380481223,0.547960309,0.075
2019/2/2,0.68996139,0.350369762,0.528455858,0.0125
2019/2/10,0.708494208,0.320258301,0.508951407,0
2019/2/18,0.528784316,0.36001666,0.570704275,0.0375
2019/2/26,0.349074424,0.399775018,0.632457143,0.1
2019/3/6,0.446343064,0.38127179,0.580165408,0.325
2019/3/14,0.543611704,0.362768561,0.527873673,0.5125
2019/3/22,0.640880344,0.344265333,0.475581938,1.675
2019/3/30,0.738148984,0.325762104,0.423290203,1.7125
2019/4/7,0.707553708,0.381867824,0.418537709,2.8125
2019/4/15,0.744055069,0.426134327,0.362836186,2.0625
2019/4/23,0.730950775,0.407411583,0.275211128,2.5
2019/5/1,0.736568458,0.400112973,0.248753739,3.775
2019/5/9,0.759068518,0.33683081,0.288291243,1.775
2019/5/17,0.767741973,0.398891637,0.305518201,5.5375
2019/5/25,0.776415428,0.460952464,0.322745159,8.725
2019/6/2,0.785088883,0.523013292,0.339972117,9.35
2019/6/10,0.857587549,0.433431662,0.39672323,9.1
2019/6/18,0.836041359,0.593001327,0.33345253,10.05
2019/6/26,0.838913455,0.500056482,0.375383888,8.125
2019/7/4,0.857819905,0.558459472,0.391522238,9.4125
2019/7/12,0.838978015,0.517557364,0.345652174,9.45
2019/7/20,0.836414566,0.543897996,0.341243863,9.65
2019/7/28,0.868336315,0.469893514,0.393648252,8.6
2019/8/5,0.876256767,0.44462758,0.383518677,8.675
2019/8/13,0.856532878,0.404859934,0.415825464,9.0625
2019/8/21,0.85045045,0.522316488,0.366297118,7.9
2019/8/29,0.871829105,0.398429873,0.40293529,6.8
2019/9/6,0.825869089,0.497340726,0.376948512,6.7375
2019/9/14,0.819701927,0.440223333,0.364032698,6.6375
2019/9/22,0.789141856,0.430948738,0.355266649,2.725
2019/9/30,0.807657247,0.35938831,0.364293086,3.2875
2019/10/8,0.719474498,0.360978636,0.271791941,2.1375
2019/10/16,0.834997373,0.333599261,0.325740319,1.7375
2019/10/24,0.752198241,0.365451085,0.290550486,1.3875
2019/11/1,0.777691108,0.386164691,0.257726269,0.2375
2019/11/9,0.806443319,0.375540342,0.315862089,0.2125
2019/11/17,0.835195531,0.364915992,0.373997909,0.2625
2019/11/25,0.81517094,0.319661486,0.383550489,0
2019/12/3,0.741719639,0.427365256,0.611764706,0.175
2019/12/11,0.817091454,0.326908466,0.403861004,0.075
2019/12/19,0.790148764,0.333206757,0.440987575,0.1
2019/12/27,0.763206075,0.339505048,0.478114146,0.0125
2020/1/1,0.736263385,0.34580334,0.515240717,0.025
2020/1/9,0.709320695,0.352101631,0.552367288,0.025
2020/1/17,0.75653562,0.358554975,0.501288834,0.1125
2020/1/25,0.803750545,0.365008318,0.450210379,0.0125
2020/2/2,0.730421687,0.360233223,0.378524295,0.05
2020/2/10,0.676576274,0.355162758,0.39872274,0.125
2020/2/18,0.622730862,0.350092293,0.418921186,0.5375
2020/2/26,0.568885449,0.345021828,0.439119631,0.525
2020/3/5,0.62002462,0.339871339,0.387697715,0.9
2020/3/13,0.641427328,0.315078449,0.433130699,1.275
2020/3/21,0.622421176,0.341185508,0.410490694,1.65
2020/3/29,0.751894695,0.354603258,0.366946779,1.9875
2020/4/6,0.722038871,0.373425884,0.313933968,3.2125
2020/4/14,0.743503772,0.347339155,0.281972265,2.9875
2020/4/22,0.721500722,0.384630178,0.238836968,3.0625
2020/4/30,0.730091107,0.374197276,0.261165772,3.7875
2020/5/8,0.738681493,0.363764375,0.283494576,8.125
2020/5/16,0.74880996,0.392634974,0.258166491,8.6375
2020/5/24,0.745650111,0.434598223,0.260680832,6.9625
2020/6/1,0.779302772,0.504693166,0.300822798,9.225
2020/6/9,0.790448625,0.499268739,0.304237824,11.0125
2020/6/17,0.810185185,0.515995872,0.346244889,9.5625
2020/6/25,0.854720181,0.550098232,0.34965035,9.275
2020/7/3,0.855862316,0.466065292,0.451486259,10.0125
2020/7/11,0.862880886,0.481434257,0.374904166,7.575
2020/7/19,0.856229059,0.523054594,0.378733032,9.4875
2020/7/27,0.87426115,0.585483465,0.360905189,7.7875
2020/8/4,0.859708193,0.563276712,0.364628371,9.8375
2020/8/12,0.86846543,0.553842845,0.36201598,6.1875
2020/8/20,0.851485646,0.514703018,0.3444439,7.3375
2020/8/28,0.834505863,0.475563192,0.32687182,8.1625
2020/9/5,0.853521127,0.511728279,0.344992051,6.0375
2020/9/13,0.871204188,0.348627697,0.387961165,4.325
2020/9/21,0.774322523,0.357142857,0.356657609,3.6625
2020/9/29,0.751123076,0.358138114,0.315839811,3.6875
2020/10/7,0.727923628,0.35913337,0.275022014,2.4625
2020/10/15,0.698584513,0.335345138,0.24618204,0.075
2020/10/23,0.743955178,0.33663076,0.262221455,1.1375
2020/10/31,0.789325843,0.337916383,0.27826087,1.5375
2020/11/8,0.803097345,0.305542696,0.348779479,0.8
2020/11/16,0.815833801,0.306126749,0.284352661,0.5125
2020/11/24,0.809915925,0.320972302,0.285207265,0.4375
2020/12/2,0.80399805,0.335817856,0.28606187,0
2020/12/10,0.795429031,0.354976369,0.29338817,0.1625
2020/12/18,0.786860012,0.374134882,0.30071447,0.1375
2020/12/26,0.778290993,0.393293395,0.30804077,
