Date,GF_NDVI,GF_EVI,GF_LSWI,Mod17_GPP,PAR_8D,GPP_8D,TA_8D,Precipitation_8D,Second_LSWImax_Every_5_Year_8_interval,Wscalar_Calculate,Tscalar_Calculate,FPAR_PAV_Calculate,eg_Calculate,GPPvpm_Calculate
2007/1/1,0.809026694,0.320900788,0.448847799,0.075,,0.001735837,2.809714286,25.607,0.436905127,1.008311385,0.324079394,0.276125985,0.137244636,
2007/1/9,0.82173913,0.307504576,0.50990991,0,7.891251428,0.002183113,-5.664285714,0,0.436905127,1.050806961,0,0.25938072,0,0
2007/1/17,0.768726592,0.323521299,0.483313702,0,13.85187429,0.002193134,-9.822714286,0,0.436905127,1.032297592,0,0.279401624,0,0
2007/1/25,0.83074451,0.311145883,0.485441113,0,17.35842857,0.002027744,-14.371,0,0.436905127,1.033778142,0,0.263932354,0,0
2007/2/2,0.684633573,0.311177458,0.587097191,0,16.81914857,0.002144114,-13.12385714,0,0.436905127,1.104524691,0,0.263971823,0,0
2007/2/10,0.538522637,0.311209033,0.688753269,0,20.26643143,0.002311737,-10.37314286,0,0.436905127,1.175271239,0,0.264011291,0,0
2007/2/18,0.651400938,0.318051042,0.574035427,0.0875,23.11372286,0.002481584,-7.913714286,0,0.436905127,1.095434484,0,0.272563803,0,0
2007/2/26,0.764279238,0.324893051,0.459317585,0.4875,19.49999143,0.09218962,-2.812285714,2,0.436905127,1.01559773,0,0.281116314,0,0
2007/3/6,0.745335095,0.344625952,0.436368489,0.2125,27.14672572,0.197895743,-4.910428571,3.7,0.436905127,0.999626532,0,0.30578244,0,0
2007/3/14,0.726390952,0.364358852,0.413419393,1.95,21.07218857,0,-2.316428571,12.9,0.436905127,0.983655334,0,0.330448565,0,0
2007/3/22,0.707446809,0.384091753,0.390470297,1.1375,32.30215714,0.289511714,3.219,1,0.436905127,0.967684136,0.355278822,0.355114691,0.144395025,1.656351086
2007/3/30,0.702087878,0.402925817,0.332195122,1.0375,24.39200572,1.984961429,0.996428571,13.2,0.436905127,0.927128101,0.177374057,0.378657271,0.069068358,0.637929885
2007/4/7,0.632346811,0.337291,0.476621418,2.2,30.11245714,4.173887143,1.479857143,9.4,0.436905127,1.027640162,0.217833668,0.29661375,0.094018943,0.839755466
2007/4/15,0.700146694,0.351934339,0.418464851,3.6375,35.02216286,5.019101429,6.046714286,80.6,0.436905127,0.987166671,0.551347602,0.314917924,0.22859423,2.521190183
2007/4/23,0.767946578,0.366577679,0.360308285,5.4125,27.56388857,3.839229429,7.315,20,0.436905127,0.946693181,0.628114621,0.333222099,0.249745368,2.293885432
2007/5/1,0.761239139,0.392114891,0.326315789,5.8125,51.78147429,3.749581429,10.17228571,0,0.436905127,0.923036437,0.77529609,0.365143614,0.300563147,5.682950195
2007/5/9,0.769136308,0.371255829,0.315276932,4.95,38.65731429,5.324942857,12.17228571,25.4,0.436905127,0.915354053,0.856780875,0.339069786,0.329388296,4.317466073
2007/5/17,0.744482437,0.444193034,0.313362977,6.475,38.08234286,6.05255,10.04357143,35,0.436905127,0.914022055,0.769440661,0.430241293,0.295380008,4.839682226
2007/5/25,0.796014068,0.499007864,0.312486614,8.4125,41.28374571,5.495557143,15.72285714,6.6,0.436905127,0.913412159,0.956882073,0.49875983,0.367091642,7.558664332
2007/6/2,0.804815214,0.526166725,0.338158822,10.6375,38.04379714,6.989662857,14.86357143,20.3,0.436905127,0.93127848,0.937942513,0.532708406,0.366863984,7.434957424
2007/6/10,0.81361636,0.553325587,0.36383103,9.7875,54.20486571,9.638175714,18.33942857,0.8,0.436905127,0.9491448,0.993460386,0.566656984,0.396033859,12.16440402
2007/6/18,0.833571429,0.451800232,0.434078212,10.1875,44.32980857,9.330012857,17.342,3.7,0.436905127,0.998032636,0.983284443,0.43975029,0.412166985,8.03480224
2007/6/26,0.834325654,0.572753767,0.408467501,9.45,51.89973429,9.463457143,17.65885714,11.6,0.436905127,0.980209114,0.987022458,0.590942209,0.406345132,12.46250101
2007/7/4,0.847914184,0.616785157,0.387755102,9.0875,33.8121,9.723228571,17.61885714,9,0.436905127,0.965794523,0.986576481,0.645981446,0.400188668,8.740916589
2007/7/12,0.843155148,0.564147054,0.367219785,9.6625,36.83062286,9.394615714,19.07685714,12,0.436905127,0.951503171,0.99797542,0.580183818,0.398822246,8.522245678
2007/7/20,0.838396112,0.511508951,0.346684468,8.6125,46.1565,10.53577,21.91842857,0.3,0.436905127,0.937211819,0.991197009,0.514386189,0.390163852,9.263374003
2007/7/28,0.801759531,0.496549219,0.291298865,4.8125,48.13655143,8.94092,23.52042857,5.6,0.436905127,0.898666753,0.970242436,0.495686524,0.36620834,8.737965318
2007/8/5,0.843482906,0.565686239,0.371076679,8.5875,40.00055143,8.492181429,19.05157143,16.3,0.436905127,0.954187339,0.997863119,0.582107799,0.399902309,9.311578467
2007/8/13,0.872183531,0.422219578,0.428571429,8.5375,40.33535143,8.100977143,16.45,1.4,0.436905127,0.994200245,0.970245544,0.402774473,0.40513971,6.581919942
2007/8/21,0.863439931,0.404077175,0.412381264,4.325,37.75502571,7.3413,19.20842857,11.3,0.436905127,0.982932859,0.998510937,0.380096469,0.412217068,5.915542448
2007/8/29,0.852686308,0.394610202,0.374919614,6.5125,35.98452,6.090261429,16.58842857,12.1,0.436905127,0.956861791,0.972511806,0.368262752,0.390834943,5.179250234
2007/9/6,0.842615012,0.410926553,0.378207063,7.1625,27.98056286,5.273308571,17.226,11.2,0.436905127,0.959149659,0.981798606,0.388658191,0.395510555,4.301127832
2007/9/14,0.811646298,0.435084204,0.330517423,6.5,33.94512,4.985128571,13.28657143,2.1,0.436905127,0.925960523,0.894378475,0.418855255,0.347826847,4.945434078
2007/9/22,0.811149033,0.41868932,0.40760389,5.1875,29.41254,5.706405714,17.60171429,13.5,0.436905127,0.979608092,0.986383055,0.39836165,0.405832905,4.755074334
2007/9/30,0.753554502,0.414787761,0.315054582,3.2875,26.71467429,6.034661429,14.08985714,2.6,0.436905127,0.915199311,0.917987892,0.393484701,0.352859592,3.709194977
2007/10/8,0.732173913,0.3350577,0.320079523,3.7375,16.88214857,3.157880429,9.854,56.8,0.436905127,0.918696369,0.760682847,0.293822125,0.293511359,1.45591871
2007/10/16,0.760596181,0.327333226,0.367088608,2.55,18.40656857,2.744295714,13.39142857,15,0.436905127,0.95141188,0.89762696,0.284166532,0.35868544,1.876115232
2007/10/24,0.808695652,0.341423618,0.349675559,1.2375,19.15629428,3.136758286,6.828428571,18.5,0.436905127,0.93929344,0.599488274,0.301779522,0.236500069,1.36720154
2007/11/1,0.79109063,0.318740716,0.321995465,0.675,13.00734,0.747450229,3.304571429,71.2,0.436905127,0.92002975,0.361712267,0.273425895,0.13977014,0.497098593
2007/11/9,0.79969651,0.326127315,0.328603435,0.45,10.38222,0.770797143,3.067857143,36,0.436905127,0.924628502,0.343839847,0.282659144,0.133528131,0.391855582
2007/11/17,0.766223612,0.378583018,0.32960565,0.2,9.603591429,0.507865857,-1.603571429,15.6,0.436905127,0.925325984,0,0.348228772,0,0
2007/11/25,0.757914339,0.324354479,0.326308395,0,8.557817143,0.157635329,-2.282,21.4,0.436905127,0.923031291,0,0.280443099,0,0
2007/12/3,0.321013005,0.323284776,0.714539532,0.0125,9.118722856,0.005663786,-7.804857143,0,0.436905127,1.193216935,0,0.27910597,0,0
2007/12/11,0.679107081,0.36953386,0.579396325,0.025,8.368251428,0.000940191,-9.224142857,2.3,0.436905127,1.099165349,0,0.336917325,0,0
2007/12/19,0.564222549,0.38216034,0.626776814,0.0625,8.257834286,0.039082239,-2.719285714,16.1,0.436905127,1.132139334,0,0.352700425,0,0
2007/12/27,0.449338017,0.39478682,0.674157303,0,7.192054285,0.002313443,-6.071857143,1.6,0.436905127,1.16511332,0,0.368483525,0,0
2008/1/1,0.449338017,0.39478682,0.674157303,0.2375,9.43884,0,-5.539,8.3,0.436905127,1.16511332,0,0.368483525,0,0
2008/1/9,0.657290896,0.367869423,0.509777478,0,10.74839143,0,-2.436571429,11.4,0.436905127,1.050714796,0,0.334836779,0,0
2008/1/17,0.668016103,0.370359378,0.514742995,0.0125,13.24005429,0,-8.959571429,6.7,0.436905127,1.054170499,0,0.337949223,0,0
2008/1/25,0.67874131,0.372849333,0.519708513,0.0375,12.91037143,0.005403803,-6.524,6.2,0.436905127,1.057626203,0,0.341061666,0,0
2008/2/2,0.546516008,0.328429153,0.649658497,0,11.73612857,0.109957,-5.576571429,0.2,0.436905127,1.148063617,0,0.285536441,0,0
2008/2/10,0.45881035,0.362392666,0.65260252,0.1125,17.52125143,0.4323364,-7.827285714,0.4,0.436905127,1.150112481,0,0.327990833,0,0
2008/2/18,0.371104693,0.396356179,0.655546543,0.0375,25.28004857,0.936435714,-6.428285714,1.2,0.436905127,1.152161344,0,0.370445224,0,0
2008/2/26,0.283399036,0.430319691,0.658490566,0.075,18.62038286,0.023529571,-5.115714286,4.7,0.436905127,1.154210208,0,0.412899614,0,0
2008/3/5,0.471791261,0.414871213,0.545748292,0.175,23.6799,0.024975514,-2.945571429,57.6,0.436905127,1.075748331,0,0.393589016,0,0
2008/3/13,0.660183486,0.399422735,0.433006018,0.175,21.13866,0.134787329,-2.181714286,0.9,0.436905127,0.997286453,0,0.374278419,0,0
2008/3/21,0.673250351,0.395333567,0.427177421,0.55,33.80276571,0.051747157,-3.340428571,12.1,0.436905127,0.993230099,0,0.369166959,0,0
2008/3/29,0.686317216,0.391244399,0.421348824,1.375,27.25369714,0.043970916,1.837714286,28.9,0.436905127,0.989173744,0.247154232,0.364055499,0.10268096,1.01878594
2008/4/6,0.699384081,0.387155231,0.415520227,3.9375,37.08601714,1.981480571,4.237857143,7.2,0.436905127,0.985117389,0.429860644,0.358944039,0.177854542,2.367564942
2008/4/14,0.712450945,0.383066063,0.40969163,4.55,49.15087714,4.297847143,9.059571429,0,0.436905127,0.981061034,0.722251686,0.353832579,0.297600654,5.175627025
2008/4/22,0.757525084,0.360252893,0.350032113,4.375,36.60264,4.223321429,6.183428571,68.5,0.436905127,0.93954158,0.55995769,0.325316116,0.220963484,2.631106927
2008/4/30,0.7088649,0.402055735,0.261531031,5.5,41.94732857,5.401358571,8.78,9.3,0.436905127,0.877950122,0.708064561,0.377569669,0.261091054,4.135170289
2008/5/8,0.706443004,0.359373182,0.271229764,3.4625,52.37143714,6.985964286,11.78385714,0,0.436905127,0.88469986,0.84235764,0.324216478,0.312998148,5.314609292
2008/5/16,0.716642121,0.440840732,0.265306122,7.6125,35.34408,5.686172857,10.84442857,5.6,0.436905127,0.880577359,0.804675755,0.426050915,0.297603285,4.481422653
2008/5/24,0.77274388,0.405732044,0.292488013,7.425,47.63203714,6.82068,13.336,18.7,0.436905127,0.899494329,0.895915999,0.382165055,0.338465972,6.161197651
2008/6/1,0.707148157,0.537790151,0.325777949,9.775,31.91726572,3.028795,14.79428571,21,0.436905127,0.922662133,0.936267411,0.547237689,0.362820564,6.337143964
2008/6/9,0.820584145,0.45138092,0.367101828,5.4875,45.95366571,5.156494714,17.66728571,12.1,0.436905127,0.95142108,0.987115476,0.43922615,0.394448238,7.961563626
2008/6/17,0.816105376,0.487727564,0.340687978,6.1125,31.19142857,8.843924286,16.55857143,1.5,0.436905127,0.933038621,0.972030534,0.484659455,0.380915652,5.758386009
2008/6/25,0.811626607,0.524074208,0.314274128,9.8625,27.99959143,6.571225714,18.51957143,13.7,0.436905127,0.914656162,0.99480007,0.53009276,0.382158006,5.672134607
2008/7/3,0.870024876,0.523538657,0.405468567,9.175,56.69406,10.82998571,21.79642857,0,0.436905127,0.978122035,0.99228329,0.529423321,0.407641143,12.23541314
2008/7/11,0.831557057,0.557627946,0.352139704,9.15,46.88325,8.964577143,20.27114286,4.6,0.436905127,0.941008337,0.999824843,0.572034933,0.395154275,10.59758591
2008/7/19,0.826284417,0.527335966,0.333747927,7.4625,,10.58832,20.41071429,46.8,0.436905127,0.928208761,0.999597973,0.534169958,0.38969095,
2008/7/27,0.836031691,0.475583947,0.426659529,1.7875,,8.256998571,19.65142857,10.5,0.436905127,0.992869677,0.999710949,0.469479934,0.416884729,
2008/8/4,0.846939834,0.484872874,0.40592054,7.6875,,9.992418571,17.44171429,17.8,0.436905127,0.978436581,0.984511425,0.481091093,0.404578437,
2008/8/12,0.857847976,0.494161802,0.385181551,9.1375,37.579428,9.760068571,18.63014286,3.9,0.436905127,0.964003486,0.995546647,0.492702252,0.403078384,7.463185253
2008/8/20,0.863282849,0.42415832,0.416744476,8.8875,41.80881603,9.25417,18.54385714,0.712,0.436905127,0.985969393,0.994968985,0.4051979,0.412023766,6.980030532
2008/8/28,0.826153846,0.41953125,0.315964523,7.0625,36.15335502,8.865571429,18.75057143,2.2,0.436905127,0.915832575,0.996294187,0.399414063,0.383224242,5.533818754
2008/9/5,0.831247477,0.407093993,0.36626506,6.2375,23.99564512,4.946755714,15.04728571,40.6,0.436905127,0.95083874,0.942277392,0.383867491,0.376300616,3.466160704
2008/9/13,0.837218814,0.408582834,0.35997578,4.225,32.2489019,4.894726,12.29814286,2.847,0.436905127,0.946461777,0.86130852,0.385728543,0.342382149,4.259001772
2008/9/21,0.833059211,0.405378366,0.417488076,1.1625,23.76079817,5.123854286,12.33157143,56.6,0.436905127,0.986486894,0.862499093,0.381722958,0.357354502,3.241220392
2008/9/29,0.782439652,0.374060945,0.373689164,4.0375,15.47229185,4.560594286,9.296571429,26.402,0.436905127,0.956005472,0.734008658,0.342576181,0.294720843,1.562149749
2008/10/7,0.731820092,0.342743523,0.329890252,2.375,20.99008918,2.339471429,10.95714286,1.7,0.436905127,0.92552405,0.809405368,0.303429404,0.314632136,2.0038953
2008/10/15,0.788270378,0.32501332,0.349081365,1.3875,18.75531866,1.716170286,5.459,11.8,0.436905127,0.938879916,0.513416039,0.28126665,0.202455123,1.068000508
2008/10/23,0.7868676,0.302678978,0.325349301,1.4125,10.94853089,2.017479286,7.286571429,34.928,0.436905127,0.922363819,0.626470418,0.253348722,0.242690132,0.673172994
2008/10/31,0.794928335,0.30245826,0.33442623,0.9,12.12173575,3.046555714,6.509714286,18.447,0.436905127,0.928680819,0.580180192,0.253072825,0.226296931,0.694207
2008/11/8,0.796306069,0.314244065,0.348652932,0.3,7.45558801,1.597998429,5.049857143,32.815,0.436905127,0.938581752,0.486132434,0.267805081,0.191635513,0.382627965
2008/11/16,0.710714286,0.31681592,0.325951557,0.525,12.7632431,0.469369403,-3.458714286,0,0.436905127,0.922782954,0,0.2710199,0,0
2008/11/24,0.797752809,0.309747382,0.391880696,0.2875,6.588551065,0.666297486,0.177285714,48.701,0.436905127,0.96866569,0.106594569,0.262184228,0.043366891,0.074912582
2008/12/2,0.764517421,0.372502342,0.333535109,0.05,7.894406991,0.126436386,-5.033714286,0,0.436905127,0.928060652,0,0.340627928,0,0
2008/12/10,0.579104822,0.354302793,0.495145059,0,5.612668533,0.035020014,-5.163,36.4,0.436905127,1.040531508,0,0.317878491,0,0
2008/12/18,0.393692224,0.336103245,0.65675501,0.05,8.638536467,0.102698771,-10.99985714,5.501,0.436905127,1.153002365,0,0.295129056,0,0
2008/12/26,0.621861152,0.366948488,0.5470236,0,8.403717663,0.077535457,-6.761428571,14.2,0.436905127,1.076635869,0,0.33368561,0,0
2009/1/1,0.507850268,0.349238007,0.590931155,0,10.6309368,0.030695107,-9.334571429,0,0.436905127,1.1071929,0,0.311547509,0,0
2009/1/9,0.393839384,0.331527527,0.63483871,0,12.85136699,0.057668371,-12.681,0,0.436905127,1.137749932,0,0.289409409,0,0
2009/1/17,0.39628483,0.369372836,0.657072872,0,11.96756644,0.0599883,-12.01371429,0,0.436905127,1.153223578,0,0.336716045,0,0
2009/1/25,0.557392814,0.352276909,0.585739528,0.0125,15.30053329,0.052244043,-11.99071429,0,0.436905127,1.103579839,0,0.315346136,0,0
2009/2/2,0.718500797,0.335180983,0.514406184,0,14.74022278,0.022667443,-8.345,2.7,0.436905127,1.053936099,0,0.293976229,0,0
2009/2/10,0.697892986,0.340614726,0.512246767,0.025,15.87532762,0.064414729,-3.938857143,16.4,0.436905127,1.052433274,0,0.300768407,0,0
2009/2/18,0.677285174,0.346048469,0.51008735,0.0125,17.63359243,0.03067337,-4.526142857,0.202,0.436905127,1.050930449,0,0.307560586,0,0
2009/2/26,0.656677363,0.351482212,0.507927932,0.3375,16.97931524,0,-6.090428571,6.353,0.436905127,1.049427623,0,0.314352765,0,0
2009/3/6,0.636069551,0.356915956,0.505768515,0.45,19.36026058,0.000856944,-0.503285714,14.1,0.436905127,1.047924798,0.045671761,0.321144945,0.02010144,0.124979692
2009/3/14,0.641880054,0.366000588,0.449562589,0.9875,32.36924652,0.009795886,-0.095142857,0,0.436905127,1.008808836,0.082437575,0.332500735,0.034928777,0.375931378
2009/3/22,0.647690557,0.37508522,0.393356663,0.3375,32.63153525,0.034417597,0.659428571,0.5,0.436905127,0.969692875,0.148592851,0.343856525,0.06051756,0.679041298
2009/3/30,0.653501059,0.384169852,0.337150737,2.2625,16.21807194,1.968479857,4.021285714,21.804,0.436905127,0.930576913,0.414376661,0.355212315,0.161955929,0.933005251
2009/4/7,0.659311562,0.393254484,0.28094481,2.9875,26.66469193,2.921088571,3.906857143,9.627,0.436905127,0.89146095,0.406114837,0.366568105,0.152054918,1.486249481
2009/4/15,0.682336182,0.362042251,0.265809218,5.175,40.6487581,2.872607143,6.916857143,30.5,0.436905127,0.880927484,0.604767284,0.327552814,0.223757571,2.979245931
2009/4/23,0.703950104,0.331505776,0.195798074,0.5875,40.34480381,5.830615714,11.33071429,6.1,0.436905127,0.832203916,0.824674831,0.28938222,0.288245002,3.365280259
2009/5/1,0.739782192,0.336369679,0.268652102,5.875,26.50585769,3.834118,11.01228571,31.8,0.436905127,0.882905961,0.811698551,0.295462099,0.300994466,2.357231036
2009/5/9,0.775614279,0.341233581,0.34150613,5.725,40.94536468,4.769575714,12.41485714,15.6,0.436905127,0.933608006,0.865443425,0.301541976,0.339353662,4.189913536
2009/5/17,0.748780488,0.448994516,0.260105448,6.7,40.57325106,6.502107143,13.544,5.2,0.436905127,0.876958001,0.902264393,0.436243145,0.332324151,5.882071887
2009/5/25,0.776127927,0.489306546,0.34283247,7.9625,30.81631861,5.409284143,10.61742857,18.5,0.436905127,0.934531059,0.794978529,0.486633183,0.312031493,4.679300154
2009/6/2,0.790447248,0.475190851,0.338243738,7.8125,52.72295275,8.347782857,14.78714286,0.024,0.436905127,0.931337576,0.936093467,0.468988564,0.366163989,9.053939907
2009/6/10,0.804766569,0.461075156,0.333655006,4.2625,28.6559894,6.988695714,14.46028571,32.038,0.436905127,0.928144093,0.927883501,0.451343945,0.361708028,4.678225763
2009/6/18,0.590168176,0.442397207,0.325997843,0.4375,19.28892145,4.373404286,16.71014286,93.4,0.436905127,0.922815166,0.974430854,0.427996509,0.37767222,3.117907392
2009/6/26,0.718593048,0.509390647,0.349207188,7.9375,18.73607593,1.119536286,18.60357143,28.8,0.436905127,0.938967481,0.995372498,0.511738309,0.392541411,3.763674415
2009/7/4,0.847017919,0.576384086,0.372416534,9.9,31.2169336,1.829606429,16.25885714,22.7,0.436905127,0.955119798,0.966970047,0.595480108,0.387900339,7.210703831
2009/7/12,0.847503045,0.590061058,0.383941606,5.2875,31.73458808,2.407857143,17.19085714,6.8,0.436905127,0.963140558,0.981336062,0.612576323,0.396969116,7.717022958
2009/7/20,0.852064943,0.578728262,0.385844115,8.5375,26.06484866,6.834855714,18.46771429,40.5,0.436905127,0.964464591,0.994430084,0.598410328,0.402818894,6.282957469
2009/7/28,0.856626841,0.567395465,0.387746625,9.7875,39.51585354,8.792758571,21.36071429,33.9,0.436905127,0.965788624,0.995577235,0.584244331,0.40383721,9.32335471
2009/8/5,0.842704888,0.447816577,0.391231964,9.5625,,9.098678571,18.70071429,7.137,0.436905127,0.968214211,0.995993007,0.434770721,0.405020525,
2009/8/13,0.847110461,0.449831022,0.338102809,8.5375,,9.607314286,23.44371429,0.335,0.436905127,0.931239498,0.971530455,0.437288778,0.379985564,
2009/8/21,0.836698859,0.526829808,0.357560026,5.2375,,8.307004286,20.27371429,18.28,0.436905127,0.944780557,0.999821504,0.53353726,0.396737005,
2009/8/29,0.858954041,0.427225791,0.423975721,7.85,,8.131327143,15.67457143,16.378,0.436905127,0.991001907,0.955908058,0.409032239,0.397868817,
2009/9/6,0.844102564,0.469927674,0.400311526,5.15,,9.12993,13.94571429,0.41,0.436905127,0.974533043,0.913967828,0.462409593,0.374090577,
2009/9/14,0.792906645,0.383009728,0.377819549,4.825,28.092996,7.357238571,11.69771429,1.166,0.436905127,0.958879973,0.839067055,0.35376216,0.33791713,3.358301181
2009/9/22,0.761030596,0.438893016,0.363591022,0.2375,23.67277714,2.250462143,13.09714286,13.9,0.436905127,0.948977769,0.88838342,0.42361627,0.354083569,3.550811482
2009/9/30,0.747181965,0.3850759,0.343260911,2.325,15.03046286,4.21655,10.05214286,24,0.436905127,0.934829228,0.769832876,0.356344875,0.302258155,1.618903264
2009/10/8,0.733333333,0.331258783,0.322930801,1.8375,15.25487925,2.450155714,5.926571429,19.6,0.436905127,0.920680688,0.543714545,0.289073479,0.210246742,0.927142092
2009/10/16,0.759281926,0.364944895,0.316239316,1.7875,15.89227714,2.882639143,3.767142857,16.6,0.436905127,0.916023815,0.395951848,0.331181119,0.152334556,0.801770603
2009/10/24,0.781530343,0.306625259,0.288057993,1.8375,15.94177714,3.209143286,5.267142857,56.7,0.436905127,0.8964113,0.500711584,0.258281574,0.188514279,0.776201378
2009/11/1,0.786585366,0.31935963,0.362262689,1.3875,16.60024286,2.183109429,3.173,1.6,0.436905127,0.948053329,0.351807629,0.274199538,0.140083605,0.637629601
2009/11/9,0.756578947,0.323345116,0.326943557,1.25,12.26535429,1.668591429,6.500714286,58.8,0.436905127,0.923473326,0.57962857,0.279181395,0.22481404,0.769821436
2009/11/17,0.771106942,0.332672306,0.340909091,0.7125,11.42105143,1.841862714,3.953714286,9.5,0.436905127,0.933192502,0.409504693,0.290840382,0.160501618,0.5331387
2009/11/25,0.817322835,0.324307436,0.38757515,0.35,6.127765714,1.068187571,2.842571429,42,0.436905127,0.965669287,0.326610196,0.280384295,0.132466923,0.227595297
2009/12/3,0.386027112,0.403267974,0.594912407,0.0375,7.479539999,0.924383429,-0.060571429,17.7,0.436905127,1.109963613,0.085520148,0.379084967,0.039868186,0.113041505
2009/12/11,0.569064748,0.368421053,0.579290369,0,10.23336,0.873117714,-6.823714286,0.6,0.436905127,1.09909161,0,0.335526316,0,0
2009/12/19,0.469578823,0.328257368,0.63381062,0.075,6.269425715,0.417644714,-5.819714286,1.9,0.436905127,1.137034442,0,0.28532171,0,0
2009/12/27,0.370092898,0.288093683,0.688330871,0.0125,7.984645713,0.279882334,-5.554142857,10.1,0.436905127,1.174977275,0,0.235117104,0,0
2010/1/1,0.575795348,0.318447156,0.592777061,0,6.970782857,0.01532872,-2.489142857,14.1,0.434071222,1.110668031,0,0.273058945,0,0
2010/1/9,0.781497797,0.348800629,0.497223251,0.0125,12.55026857,0.021021756,-8.454142857,0,0.434071222,1.044036885,0,0.311000786,0,0
2010/1/17,0.72604585,0.345322231,0.52247039,0.275,6.155004001,0,-5.529142857,8.035,0.434071222,1.061642104,0,0.306652789,0,0
2010/1/25,0.670593903,0.341843833,0.54771753,0.0125,15.344208,0,-5.512714286,13.657,0.434071222,1.079247325,0,0.302304791,0,0
2010/2/2,0.615141956,0.338365435,0.57296467,0.1125,21.05419325,0.065662657,-9.210142857,0,0.434071222,1.096852545,0,0.297956794,0,0
2010/2/10,0.633708352,0.329870941,0.533482901,0.5625,19.56813429,0.347708286,-2.364428571,0,0.434071222,1.069321298,0,0.287338676,0,0
2010/2/18,0.652274748,0.321376447,0.494001132,0.525,15.74670857,0.798437,0.880857143,3.4,0.434071222,1.041790051,0.167557075,0.276720559,0.073314903,0.319465146
2010/2/26,0.670841144,0.312881954,0.454519363,1.0125,11.14009714,1.150040286,1.489714286,45.9,0.434071222,1.014258804,0.218648482,0.266102443,0.093141782,0.276110157
2010/3/6,0.68940754,0.30438746,0.415037594,1.075,35.93908286,1.063248714,2.660571429,0,0.434071222,0.986727557,0.312534467,0.255484325,0.129522276,1.189257002
2010/3/14,0.710986704,0.375934286,0.312399356,0.4375,31.16885143,1.992361,6.476428571,0,0.434071222,0.91515633,0.578138315,0.344917858,0.222216514,2.388981626
2010/3/22,0.722986248,0.299223483,0.323773585,3.2875,26.20617429,1.636648429,0.328428571,56.3,0.434071222,0.923087755,0.119864127,0.249029354,0.046470945,0.303274344
2010/3/30,0.70332681,0.351182333,0.324003651,3.4125,30.82350857,4.900697143,9.407285714,30.3,0.434071222,0.923248184,0.739415944,0.313977916,0.286719059,2.774838671
2010/4/7,0.72851296,0.403034077,0.274327382,2.6625,25.09562571,5.006202857,7.442428571,22.3,0.434071222,0.888608154,0.635441359,0.378792596,0.237156517,2.254418677
2010/4/15,0.72045977,0.314469195,0.30474198,2.65,31.71093429,5.596475714,6.307285714,3.9,0.434071222,0.909816723,0.567688323,0.268086494,0.216926779,1.844153806
2010/4/23,0.750000608,0.333850917,0.309272032,6.2125,29.31456857,5.479478571,8.444428571,17.4,0.434071222,0.912975598,0.690581608,0.292313646,0.264803346,2.269112694
2010/5/1,0.779541446,0.353232638,0.313802083,5.5875,39.60110571,7.016112857,15.18042857,6.6,0.434071222,0.916134473,0.945322037,0.316540797,0.363737685,4.559584853
2010/5/9,0.773063973,0.435095698,0.334177857,8.425,36.30183428,7.364164286,8.745857143,0.7,0.434071222,0.930342815,0.706308372,0.418869622,0.275985746,4.196566285
2010/5/17,0.727538349,0.385359437,0.358024691,7.8875,49.42630286,10.39815714,15.01671429,13.4,0.434071222,0.94697158,0.941566793,0.356699296,0.374487537,6.602337904
2010/5/25,0.812596959,0.484354194,0.372972973,3.6625,51.4116,9.738212857,17.46585714,1.8,0.434071222,0.957395248,0.984801512,0.480442743,0.395994601,9.78119736
2010/6/2,0.833398321,0.454231547,0.40493905,8.675,28.86184286,7.561181429,14.54828571,47.7,0.434071222,0.979685687,0.93014204,0.442789434,0.382723674,4.891101034
2010/6/10,0.854199683,0.424108899,0.436905127,10.425,42.58738286,12.54129429,16.39128571,1.1,0.434071222,1.001976126,0.969257434,0.405136124,0.40789258,7.037650985
2010/6/18,0.826229508,0.474934037,0.381105877,9.725,42.67692,8.761248571,20.75371429,18.8,0.434071222,0.963066447,0.998644984,0.468667546,0.40393982,8.079316433
2010/6/26,0.854856718,0.451294746,0.408705483,8.6375,41.1453,10.49529714,17.46442857,22.4,0.434071222,0.982312079,0.984784423,0.439118433,0.406293566,7.340773867
2010/7/4,0.845639826,0.48170987,0.361932939,9.575,43.44161143,11.06483857,24.31542857,3,0.434071222,0.949696862,0.955199387,0.477137338,0.381002941,7.897282207
2010/7/12,0.865654649,0.448397877,0.434909515,9.6875,42.69072857,12.88705714,23.40342857,1.5,0.434071222,1.000584555,0.97219534,0.435497346,0.408560729,7.595838104
2010/7/20,0.862106406,0.571058688,0.394592397,9.925,38.65818857,9.668705714,20.83014286,2.2,0.434071222,0.972470806,0.998355948,0.58882336,0.407766245,9.281919632
2010/7/28,0.872662157,0.435101782,0.407296651,6.825,43.78813714,10.61178,19.82757143,1.2,0.434071222,0.981329678,0.999929239,0.418877227,0.4121293,7.559215244
2010/8/5,0.847870778,0.531969781,0.374099148,2.45,38.64474,9.248562857,20.44742857,2.8,0.434071222,0.958180547,0.999522843,0.539962226,0.402243805,8.393500738
2010/8/13,0.85630801,0.474602751,0.406982804,6.6125,41.10184286,7.669165714,20.34685714,1.9,0.434071222,0.981110828,0.999713311,0.468253439,0.411948413,7.928391804
2010/8/21,0.878235858,0.373694517,0.429927007,6.9,29.43784286,7.236198571,17.98857143,29.1,0.434071222,0.997110175,0.990412949,0.342118146,0.414771348,4.177253593
2010/8/29,0.856935367,0.459269062,0.413878905,6.6875,40.05285429,8.36035,25.12285714,74.2,0.434071222,0.985919586,0.936743526,0.449086328,0.387892591,6.977097443
2010/9/6,0.846153846,0.533338194,0.377940859,6.6375,25.17919714,6.88449,14.79871429,19.841,0.434071222,0.960859431,0.936375138,0.541672743,0.377884451,5.153922481
2010/9/14,0.836748871,0.459943486,0.371369295,1.6375,27.12440571,8.64116,12.55014286,19.2,0.434071222,0.956276978,0.87015934,0.449929358,0.349487605,4.265169947
2010/9/22,0.807599879,0.406019811,0.359013612,4.1125,12.85819714,4.614206571,13.89285714,19,0.434071222,0.94766117,0.912469916,0.382524764,0.36317917,1.786325373
2010/9/30,0.778450887,0.352096137,0.346657929,3.575,21.27450857,6.203697143,12.46,40.2,0.434071222,0.939045361,0.867026243,0.315120171,0.341954328,2.292470975
2010/10/8,0.739130435,0.374125348,0.349091957,2.8,24.97608,4.535571429,8.375714286,0,0.434071222,0.940742647,0.68694065,0.342656685,0.271418433,2.322858876
2010/10/16,0.806253203,0.32761278,0.36377709,1.7625,15.50702571,3.350832857,6.624714286,15.2,0.434071222,0.950982817,0.587197808,0.284515975,0.234534311,1.034764567
2010/10/24,0.810306089,0.328502511,0.356564365,0.6875,11.97717429,1.884188,8.541714286,22.8,0.434071222,0.945953272,0.695701031,0.285628139,0.27640228,0.945577175
2010/11/1,0.814358974,0.329392242,0.34935164,1.2875,10.01549143,1.082096286,3.648428571,50,0.434071222,0.940923728,0.387251231,0.286740303,0.153037026,0.439498625
2010/11/9,0.783433134,0.32380481,0.303428155,0.6125,14.06437714,1.423814571,5.041857143,6.5,0.434071222,0.908900573,0.485591795,0.279756013,0.185368957,0.7293516
2010/11/17,0.818273599,0.328376955,0.34052847,0.325,8.360305715,1.125805714,1.151714286,24.9,0.434071222,0.934771195,0.190476787,0.285471194,0.07478193,0.178476532
2010/11/25,0.743060498,0.389988793,0.280522876,0.0875,9.08766,1.079311571,-1.510857143,5.9,0.434071222,0.892928368,0,0.362485991,0,0
2010/12/3,0.461442006,0.327474972,0.631210637,0.1,5.932388572,0.590823429,-3.043571429,22.5,0.434071222,1.137468357,0,0.284343715,0,0
2010/12/11,0.651818857,0.331033443,0.631231672,0.1125,6.136045714,0.400555286,-3.336,41.7,0.434071222,1.137483025,0,0.288791804,0,0
2010/12/19,0.732979664,0.316847577,0.626556017,0,8.262282858,0.406653857,-3.442857143,4.6,0.434071222,1.134222619,0,0.271059471,0,0
2010/12/27,0.354593774,0.37850543,0.661853749,0.1,7.052528572,0.326130286,-1.988142857,0.9,0.434071222,1.158836272,0,0.348131787,0,0
2011/1/1,0.354593774,0.37850543,0.661853749,0.0875,10.64952,0.401436286,-3.812857143,0.5,0.434071222,1.158836272,0,0.348131787,0,0
2011/1/9,0.392942667,0.371790401,0.641264789,0,11.39788286,0.412332814,-5.229,2.7,0.434071222,1.144479273,0,0.339738001,0,0
2011/1/17,0.431291561,0.365075372,0.620675829,0,11.38278857,0.421975571,-11.15985714,1.3,0.434071222,1.130122273,0,0.331344215,0,0
2011/1/25,0.469640454,0.358360342,0.600086868,0.0375,10.67009143,0.207416486,-10.25657143,0.2,0.434071222,1.115765273,0,0.322950428,0,0
2011/2/2,0.507989348,0.351645313,0.579497908,0,13.80813429,0.020154686,-6.159571429,0.9,0.434071222,1.101408273,0,0.314556641,0,0
2011/2/10,0.699447514,0.343027457,0.557205535,0.0375,17.82108,0,-8.074428571,2.5,0.434071222,1.085863457,0,0.303784321,0,0
2011/2/18,0.663544399,0.337809484,0.492436975,0,22.44741429,0,-2.723,1.7,0.434071222,1.040699341,0,0.297261855,0,0
2011/2/26,0.593788065,0.301829319,0.602537313,0.2875,24.07217143,0,-7.410142857,2.1,0.434071222,1.117474006,0,0.252286649,0,0
2011/3/6,0.524031731,0.265849155,0.712637651,1,18.19388571,0.069388979,2.807571429,61.081,0.434071222,1.194248671,0.323914183,0.207311444,0.162470315,0.612805649
2011/3/14,0.710403727,0.3745855,0.40363173,0.425,32.18227714,0.389294571,0.825285714,11.3,0.434071222,0.978774072,0.162816856,0.343231875,0.066931585,0.739325176
2011/3/22,0.73505931,0.383288644,0.393056295,1.6125,31.46963143,0.695556429,-2.385714286,6,0.434071222,0.971399658,0,0.354110805,0,0
2011/3/30,0.759714894,0.391991788,0.382480859,3.325,25.43299714,0.739255857,2.256571429,22.8,0.434071222,0.964025244,0.280790443,0.364989735,0.113689411,1.055354123
2011/4/7,0.784370478,0.400694932,0.371905424,2,37.02484286,2.448181429,5.699142857,16.1,0.434071222,0.956650829,0.529094839,0.375868665,0.212586787,2.958459399
2011/4/15,0.692307692,0.305311333,0.359912217,3.35,32.80572,2.643095,2.728571429,30.1,0.434071222,0.948287781,0.317809888,0.256639166,0.126577598,1.065686243
2011/4/23,0.748279253,0.30874716,0.300658376,3.725,28.08264857,3.964427143,9.305857143,22.2,0.434071222,0.906969163,0.734464252,0.26093395,0.2797773,2.050128712
2011/5/1,0.651044965,0.373940562,0.232624113,1.5,34.14219428,3.705387143,9.580571429,22.7,0.434071222,0.859527821,0.747770466,0.342425702,0.269946398,3.155987847
2011/5/9,0.71021264,0.382595366,0.277717497,1.35,27.91391143,7.201024286,10.03614286,52.2,0.434071222,0.890972134,0.769100478,0.353244208,0.287803779,2.837868308
2011/5/17,0.769380315,0.39125017,0.322810881,9.7875,19.93934572,6.331052857,11.01985714,9.5,0.434071222,0.922416447,0.812012358,0.364062713,0.314585692,2.283631741
2011/5/25,0.82854799,0.399904973,0.367904265,10.15,43.17472286,9.663557143,16.52742857,9.6,0.434071222,0.95386076,0.971524124,0.374881216,0.38921347,6.29957283
2011/6/2,0.795371498,0.386909464,0.288086222,7.7375,47.42627143,8.372381429,15.57428571,5,0.434071222,0.898202406,0.953850706,0.35863683,0.35983542,6.120371438
2011/6/10,0.780674412,0.499673535,0.318229494,6.0125,38.91800571,11.09902857,14.44657143,21.2,0.434071222,0.919221775,0.927528327,0.499591919,0.358093779,6.962460722
2011/6/18,0.804501608,0.473146747,0.352941176,8.1625,44.70845143,9.945314286,17.17757143,8.6,0.434071222,0.943426767,0.981159696,0.466433434,0.388773974,8.107304493
2011/6/26,0.814072242,0.505484414,0.338535414,9.725,41.09299714,11.91530286,19.04657143,0.9,0.434071222,0.933381406,0.997840554,0.506855518,0.391173644,8.147447724
2011/7/4,0.823642877,0.537822081,0.324129652,9.8875,52.50695143,13.69994286,20.82657143,9.8,0.434071222,0.923336046,0.998370077,0.547277601,0.387169053,11.12564285
2011/7/12,0.847880299,0.512897873,0.395480226,4.125,52.86366,10.22415429,22.407,18.3,0.434071222,0.973089903,0.986126087,0.516122341,0.403027522,10.99624965
2011/7/20,0.784341303,0.590498376,0.402099834,9.525,41.77638,10.65137429,22.50214286,21.1,0.434071222,0.977705858,0.985004189,0.61312297,0.404478634,10.36033925
2011/7/28,0.875243665,0.442800789,0.430696014,9.2125,40.33329428,12.17035571,18.986,28,0.434071222,0.997646415,0.99755781,0.428500986,0.417988189,7.224029838
2011/8/5,0.833194791,0.547962679,0.341443633,5.7625,32.84544857,10.62312286,18.78842857,27.2,0.434071222,0.935409352,0.99651504,0.559953349,0.391502785,7.200487481
2011/8/13,0.854625551,0.512336829,0.369423792,8.2625,39.15336857,10.43523714,19.808,23.9,0.434071222,0.954920349,0.999912269,0.515421036,0.401031361,8.093001261
2011/8/21,0.856236786,0.407608696,0.426714332,8.9625,35.84820857,8.397937143,19.17942857,35.3,0.434071222,0.994869927,0.998399942,0.38451087,0.417176792,5.750375697
2011/8/29,0.865030675,0.442769666,0.407000289,7.525,39.29608286,8.275024286,17.98328571,3.6,0.434071222,0.981123021,0.990362617,0.428462083,0.408100376,6.871137674
2011/9/6,0.849636217,0.417262188,0.395121951,6.3125,34.05078,7.047232857,15.21771429,8.5,0.434071222,0.972840072,0.946160051,0.396577735,0.386594213,5.22048367
2011/9/14,0.83863275,0.418119848,0.33583598,3.8125,27.90658286,6.606958571,12.839,13.5,0.434071222,0.931499049,0.879951772,0.39764981,0.344263181,3.820304822
2011/9/22,0.796381994,0.371045513,0.336045056,3.9375,24.75743143,5.71567,17.22342857,12.6,0.434071222,0.931644841,0.981764957,0.338806891,0.384155628,3.222292945
2011/9/30,0.767261443,0.387144758,0.338032305,3.6375,16.13368286,3.392731429,10.54171429,32.9,0.434071222,0.933030581,0.791692996,0.358930947,0.310242986,1.796579305
2011/10/8,0.680395387,0.182759536,0.400137268,3.6875,20.81304,4.402822857,14.02842857,23.5,0.434071222,0.97633733,0.916286279,0.10344942,0.37573389,0.808991479
2011/10/16,0.740997694,0.247324985,0.366078098,1.6125,15.60553714,3.816622857,10.13885714,17.6,0.434071222,0.952587345,0.773782441,0.184156231,0.309580052,0.88968877
2011/10/24,0.8016,0.311890434,0.332018927,1.8,17.17117714,4.555034286,4.778428571,14.1,0.434071222,0.928837359,0.467636138,0.264863043,0.182430324,0.82969498
2011/11/1,0.815153143,0.315227329,0.344210107,0.65,19.47893143,4.184778571,4.817857143,0.3,0.434071222,0.937338457,0.470342555,0.269034161,0.185165469,0.970359268
2011/11/9,0.808604154,0.311720407,0.336644344,0.6,10.29139714,2.263271429,8.520714286,21.4,0.434071222,0.932062734,0.694599475,0.264650509,0.27191232,0.740586782
2011/11/17,0.802055165,0.308213484,0.32907858,0.6625,10.71696857,1.640499286,1.246,0.1,0.434071222,0.92678701,0.19838334,0.260266855,0.077220823,0.215389857
2011/11/25,0.785676947,0.312136568,0.304812834,0.475,7.9119,1.126854286,5.306714286,10.4,0.434071222,0.909866131,0.503344882,0.26517071,0.192350113,0.403551334
2011/12/3,0.836808704,0.356825299,0.354278075,0.1125,8.692842856,0.692631143,1.421428571,25.3,0.434071222,0.944359007,0.212995484,0.321031624,0.084480566,0.23575801
2011/12/11,0.732114467,0.360865136,0.2761347,0.0125,9.837282857,0.640527857,-0.571428571,11.7,0.434071222,0.889868425,0.03946637,0.32608142,0.014750348,0.047315506
2011/12/19,0.842224745,0.313689017,0.383042182,0.0375,7.458994287,0.308426143,-6.748857143,14,0.434071222,0.964416663,0,0.267111271,0,0
2011/12/27,0.82295831,0.304947729,0.422459893,0.1375,7.816731429,0.103557271,-2.281,27.5,0.434071222,0.991903241,0,0.256184661,0,0
2012/1/1,0.760752688,0.339138771,0.385266126,0,8.82396,0,-5.375428571,4.9,0.436905127,0.964062345,0,0.298923464,0,0
2012/1/9,0.837652812,0.341167098,0.44761171,0.0625,9.079842857,0,-8.580857143,0.1,0.436905127,1.007451141,0,0.301458873,0,0
2012/1/17,0.794197643,0.337416224,0.560725552,0.125,10.35619714,0,-9.305428571,0,0.436905127,1.086171608,0,0.29677028,0,0
2012/1/25,0.678217822,0.323583829,0.428872497,0,14.09261143,0,-4.131571429,9.2,0.436905127,0.99440977,0,0.279479786,0,0
2012/2/2,0.656804734,0.316530666,0.513513514,0.125,18.16606286,0,-5.559285714,7.8,0.436905127,1.053314854,0,0.270663333,0,0
2012/2/10,0.614103061,0.343192448,0.471045198,0.3125,19.42089429,0.010008343,-4.997857143,4.5,0.436905127,1.023759447,0,0.30399056,0,0
2012/2/18,0.744041071,0.367852351,0.391864208,0.0375,18.24379714,0.4308586,-1.301571429,10.8,0.436905127,0.968654215,0,0.334815439,0,0
2012/2/26,0.732168803,0.351284221,0.394528452,0.825,21.00098572,0.201730543,-6.320714286,5.4,0.436905127,0.97050837,0,0.314105276,0,0
2012/3/5,0.720296536,0.33471609,0.397192695,2.35,30.85508571,0,-0.829714286,4.1,0.436905127,0.972362523,0.015771888,0.293395113,0.006441117,0.058309703
2012/3/13,0.708424269,0.318147959,0.399856938,2.6375,19.76518286,1.582381857,4.471571429,6.5,0.436905127,0.974216677,0.446345914,0.272684949,0.182631806,0.984324778
2012/3/21,0.663981588,0.33124115,0.271395076,1.375,33.84532286,2.889357857,6.981857143,3.9,0.436905127,0.884814907,0.608625998,0.289051437,0.226178969,2.21271773
2012/3/29,0.771790808,0.303477213,0.294480895,2.0625,34.77859714,4.44304,2.148714286,5.7,0.436905127,0.900881256,0.272199461,0.254346516,0.102992145,0.911049462
2012/4/6,0.746981627,0.29243732,0.308690523,5.375,30.07972286,3.97219,4.131,5.1,0.436905127,0.910770307,0.422245764,0.24054665,0.16151894,1.168682655
2012/4/14,0.723458592,0.37632368,0.252054068,3.175,46.59248571,4.744215714,11.70071429,0,0.436905127,0.871354722,0.839182213,0.3454046,0.307114661,4.942475754
2012/4/22,0.775431862,0.331039004,0.343988376,4.2625,28.32482571,1.498148571,6.034,75.8,0.436905127,0.9353355,0.550542771,0.288798755,0.216275723,1.769173134
2012/4/30,0.729064039,0.345969533,0.231218942,4.15,27.19285714,3.322110143,7.456,5.9,0.436905127,0.856854721,0.636217504,0.307461916,0.228961308,1.914292371
2012/5/8,0.763382816,0.33509735,0.273968151,7.7625,26.39268,5.611471429,10.42257143,47.4,0.436905127,0.886605613,0.786471234,0.293871688,0.292861721,2.271453489
2012/5/16,0.770760973,0.453650015,0.308751459,7.35,45.99041143,9.005554286,16.05714286,6.7,0.436905127,0.910812714,0.963329675,0.442062519,0.368513425,7.492112709
2012/5/24,0.78450986,0.491090597,0.30002082,6.625,32.50512,9.690584286,14.897,23.1,0.436905127,0.904736712,0.938742825,0.488863246,0.356712341,5.668358309
2012/6/1,0.822776711,0.479278473,0.361529271,10.6625,28.77698571,9.492134286,12.01928571,43.4,0.436905127,0.947542914,0.851180676,0.474098091,0.338742692,4.621505158
2012/6/9,0.787327824,0.513382432,0.312297735,10.9625,48.83667429,7.594871857,16.60185714,4.1,0.436905127,0.91328071,0.972726912,0.51672804,0.373116544,9.415700094
2012/6/17,0.840218505,0.471763217,0.403645833,9.3125,40.42383428,3.099487143,18.25128571,33.9,0.436905127,0.976853521,0.992749233,0.464704021,0.407303645,7.651247179
2012/6/25,0.86172723,0.631812048,0.398440269,11.075,33.03259714,10.27738143,18.62714286,73.1,0.436905127,0.97323076,0.995527152,0.66476506,0.406928612,8.935711373
2012/7/3,0.877399381,0.528632718,0.42481203,8.5625,43.22450571,12.0869,20.58542857,5.1,0.436905127,0.991583928,0.999182845,0.535790898,0.416124933,9.637160797
2012/7/11,0.847357066,0.565087587,0.38804458,10.0375,45.38890286,11.23870429,22.24371429,14.1,0.436905127,0.965995983,0.987949304,0.581359484,0.400829125,10.57678599
2012/7/19,0.866551127,0.552201443,0.387886598,8.1125,46.87750286,12.06156143,19.99314286,1.5,0.436905127,0.965886037,0.999999888,0.565251804,0.40567209,10.74933395
2012/7/27,0.852160333,0.585814486,0.385244306,7.775,38.31084,12.33158143,20.64228571,4.3,0.436905127,0.964047159,0.999016279,0.607268107,0.404501499,9.410707666
2012/8/4,0.871852088,0.515473633,0.404112865,2.3875,41.55346286,8.997257143,21.68371429,9.7,0.436905127,0.977178548,0.993223085,0.519342041,0.407633643,8.796921609
2012/8/12,0.847640077,0.558648039,0.365565075,8.2125,28.66597714,3.563495714,21.01228571,33.1,0.436905127,0.950351592,0.99755429,0.573310049,0.398171469,6.543746126
2012/8/20,0.863796477,0.434534357,0.359794403,3.875,42.49527429,8.755135714,19.20485714,2.3,0.436905127,0.94633555,0.998497482,0.418167946,0.396863739,7.05233276
2012/8/28,0.879730866,0.418634435,0.434071222,7.0875,32.45865429,8.996448571,17.37028571,2,0.436905127,0.998027772,0.98363722,0.398293044,0.41231285,5.330403704
2012/9/5,0.860655738,0.417661098,0.41875,5.725,26.40214286,8.838294286,16.63371429,65.9,0.436905127,0.987365118,0.973233864,0.397076372,0.403593611,4.231141066
2012/9/13,0.82358905,0.463695867,0.363659338,5.45,29.43018,7.036251429,14.64785714,17.9,0.436905127,0.949025313,0.932654781,0.454619834,0.371747458,4.973811302
2012/9/21,0.791414944,0.462639405,0.380543984,4.2375,22.03166571,4.931648571,12.04585714,7.2,0.436905127,0.960776016,0.852160822,0.453299256,0.343868986,3.434198131
2012/9/29,0.74755877,0.381365314,0.356541269,2.475,13.44821143,3.505605714,13.211,49.6,0.436905127,0.944071563,0.892006305,0.351706642,0.35368947,1.672889402
2012/10/7,0.753633218,0.236687677,0.362365591,1.975,20.61097714,4.371037143,6.252571429,18.5,0.436905127,0.948124943,0.564281469,0.170859596,0.224703921,0.79131356
2012/10/15,0.829861111,0.302009182,0.350128096,2.5625,13.51938857,2.617450714,10.54257143,27.6,0.436905127,0.939608378,0.791730334,0.252511477,0.312444911,1.066624682
2012/10/23,0.800738007,0.314636066,0.305810398,0.475,16.26266571,1.768662429,7.857571429,3.2,0.436905127,0.908765912,0.658819496,0.268295083,0.251459334,1.097165666
2012/10/31,0.830862277,0.321962376,0.336877181,1.025,8.605748571,2.693295714,5.716857143,14.6,0.436905127,0.930386534,0.530241564,0.27745297,0.207198437,0.494725739
2012/11/8,0.860986547,0.329288685,0.367943964,0.725,9.739799999,2.108084,3.341142857,25.4,0.436905127,0.952007156,0.364452325,0.286610856,0.145723713,0.406792469
2012/11/16,0.810810811,0.330326515,0.344135802,0.225,13.64880857,1.456865714,0.404,0.1,0.436905127,0.9354381,0.126463353,0.287908144,0.049685428,0.195244014
2012/11/24,0.816628702,0.30123519,0.343157895,0.175,10.61712,0.382572186,-3.537142857,0.4,0.436905127,0.934757535,0,0.251543987,0,0
2012/12/2,0.860410557,0.30754717,0.361957922,0.0625,6.225274285,0.658074714,1.191428571,14.5,0.436905127,0.947841229,0.193811648,0.259433962,0.077155122,0.124609192
2012/12/10,0.862869018,0.316650941,0.398532786,0.05,9.674485714,0.925791,-5.087571429,7.3,0.436905127,0.973295146,0,0.270813676,0,0
2012/12/18,0.865327478,0.325754713,0.43510765,0,6.090428571,0.662791714,-1.935285714,64.3,0.436905127,0.998749064,0,0.282193391,0,0
2012/12/26,0.867785939,0.334858485,0.471682513,0,9.939857144,0.745836471,-6.948714286,0,0.436905127,1.02420298,0,0.293573106,0,0
2013/1/1,0.752490823,0.318478406,0.551532033,0.1125,12.48652286,0.17853776,-9.947285714,0,0.434071222,1.081907237,0,0.273098007,0,0
2013/1/9,0.780745412,0.322640536,0.526388423,0.025,9.761399999,0.012614354,-0.397714286,1.3,0.434071222,1.064374209,0.055247712,0.27830067,0.024697781,0.067094094
2013/1/17,0.809,0.326802666,0.501244813,0.0875,10.94729143,0.014385239,-9.359714286,9.5,0.434071222,1.046841182,0,0.283503333,0,0
2013/1/25,0.715430862,0.310340331,0.515044248,0,16.47491143,0.020740687,-10.06785714,2.7,0.434071222,1.056463741,0,0.262925414,0,0
2013/2/2,0.844758065,0.335025787,0.476997579,0.0875,18.23906572,0.023865814,-10.50814286,0,0.434071222,1.029933211,0,0.293782234,0,0
2013/2/10,0.838089755,0.331976192,0.444109858,0.125,15.32103429,0.020131943,-2.946285714,3.4,0.434071222,1.007000096,0,0.28997024,0,0
2013/2/18,0.831421446,0.328926598,0.411222137,0.5875,17.91501428,0.0511894,-3.493285714,13.4,0.434071222,0.98406698,0,0.286158248,0,0
2013/2/26,0.726093639,0.343466994,0.413100622,0.65,18.32626286,0.557972571,-0.353,8.4,0.434071222,0.985376877,0.059289686,0.304333743,0.024537528,0.136853158
2013/3/6,0.620765832,0.358007389,0.414979106,0.175,22.62584571,0.909462143,0.715285714,0.7,0.434071222,0.986686773,0.15339598,0.322509236,0.063568589,0.463862808
2013/3/14,0.745814307,0.375824513,0.403058104,0.725,27.34794,0.638999,-3.279428571,4.2,0.434071222,0.978374074,0,0.344780641,0,0
2013/3/22,0.746398221,0.342291148,0.385978541,1.35,29.3508,0.528328143,0.922142857,10.5,0.434071222,0.966464231,0.171070398,0.302863935,0.069440037,0.617273235
2013/3/30,0.746982134,0.308757784,0.368898978,0.3375,34.91529429,1.437507429,2.189,13.8,0.434071222,0.954554388,0.275414001,0.26094723,0.11041701,1.006014825
2013/4/7,0.752862944,0.3554457,0.34309691,3.2875,29.02379143,1.827716714,2.244285714,9.4,0.434071222,0.936562208,0.279814336,0.319307125,0.110066684,1.020043364
2013/4/15,0.758743754,0.402133616,0.317294841,5.2375,30.99180857,4.304152857,7.120285714,9.5,0.434071222,0.918570027,0.616782597,0.37766702,0.237954363,2.785156823
2013/4/23,0.768829232,0.396935397,0.317777778,6.9375,44.42412857,4.947352857,7.749428571,3.4,0.434071222,0.918906786,0.652802078,0.371169246,0.251942989,4.154255271
2013/5/1,0.757159221,0.381742579,0.276206323,4.8125,69.25797,9.544195714,11.95328571,0.059,0.434071222,0.889918369,0.848732373,0.352178224,0.317227062,7.737532494
2013/5/9,0.772675776,0.425796186,0.289255644,5.425,,8.123788571,12.89671429,16.313,0.434071222,0.899017862,0.881863077,0.407245233,0.332980476,
2013/5/17,0.788192331,0.469849793,0.302304965,6.6375,32.32370572,7.56076,10.89028571,25.2,0.434071222,0.908117355,0.806606815,0.462312241,0.307647332,4.597372462
2013/5/25,0.774983881,0.446773714,0.303503788,8.4375,26.76324857,7.78824,11.41557143,63.8,0.434071222,0.908953313,0.82805625,0.433467143,0.316119078,3.66729391
2013/6/2,0.841490139,0.445200186,0.397062898,7.5,44.71247763,10.35647857,17.78657143,13.56,0.434071222,0.974193524,0.988396233,0.431500233,0.404413468,7.802528802
2013/6/10,0.804394427,0.540822944,0.379070244,9.8875,34.94442857,9.611945714,15.034,42,0.434071222,0.961646969,0.941969108,0.55102868,0.38045353,7.325778183
2013/6/18,0.767954572,0.499585636,0.38968026,5.2875,42.87090857,9.721852857,17.84742857,4.6,0.434071222,0.969045497,0.989023959,0.499482045,0.40253187,8.619515196
2013/6/26,0.731514716,0.458348327,0.400290276,9.2375,22.19626286,7.096204286,18.69585714,37.4,0.434071222,0.976444025,0.995963039,0.447935409,0.408450906,4.0610199
2013/7/4,0.879017013,0.45975875,0.427340609,9.6125,45.60536571,11.87425714,23.33471429,1.1,0.434071222,0.99530664,0.973311145,0.449698438,0.406872079,8.344401824
2013/7/12,0.868037135,0.49948487,0.380205781,4.7,49.25124,12.134,23.43314286,13.6,0.434071222,0.962438797,0.971705695,0.499356088,0.392787049,9.660167959
2013/7/20,0.869346734,0.591250854,0.398219585,7.45,38.95392857,10.37558714,19.86742857,10,0.434071222,0.9750001,0.999958168,0.614063568,0.409482912,9.794908371
2013/7/28,0.860834409,0.537784449,0.398050791,8.8875,38.11019143,10.70589714,19.63071429,12.3,0.434071222,0.974882397,0.99967559,0.547230561,0.409317777,8.536347392
2013/8/5,0.852322085,0.484318044,0.397881997,6.35,34.64627143,9.879167143,17.65928571,30.2,0.434071222,0.974764695,0.987027196,0.480397555,0.404090091,6.725669036
2013/8/13,0.857461024,0.555575598,0.381080522,9.1125,38.04251143,10.3531,18.01114286,2.7,0.434071222,0.963048767,0.990626405,0.569469498,0.400689046,8.680547469
2013/8/21,0.870675453,0.421518584,0.415394204,7.6625,38.19286286,9.605462857,19.60614286,2.9,0.434071222,0.986976227,0.999631004,0.40189823,0.414377056,6.360540278
2013/8/29,0.893188854,0.446024814,0.417149479,4.3125,24.15576857,4.001435429,18.75628571,76.3,0.434071222,0.988200207,0.996327957,0.432531017,0.413520027,4.320506518
2013/9/6,0.856950067,0.385377893,0.401697793,6.625,30.29626286,6.801602857,14.21828571,3.8,0.434071222,0.977425508,0.921489771,0.356722366,0.378288795,4.08830114
2013/9/14,0.830712303,0.366022662,0.404542229,5.4125,28.37352857,3.519505857,13.69414286,20.6,0.434071222,0.979408977,0.906724635,0.332528328,0.372982784,3.519093314
2013/9/22,0.797002141,0.37444668,0.37438585,4.9375,19.74885429,5.8171,12.47914286,9.7,0.434071222,0.958380469,0.86769466,0.34305835,0.349264278,2.366268758
2013/9/30,0.762786596,0.343854349,0.391092554,4.1,30.00602572,5.779858571,13.58528571,0.1,0.434071222,0.970030311,0.90350108,0.304817936,0.368097842,3.366760841
2013/10/8,0.766478343,0.332339852,0.327671621,3.15,22.74616286,4.554553143,10.89114286,17.5,0.434071222,0.925805916,0.80664282,0.290424815,0.313653772,2.072012543
2013/10/16,0.779286927,0.363247863,0.314106583,1.2125,19.20834,2.565553571,10.88528571,6.2,0.434071222,0.916346805,0.806396719,0.329059829,0.310354404,1.961654932
2013/10/24,0.825900054,0.316359295,0.358113509,1.275,17.56609714,3.62321,3.740714286,0.1,0.434071222,0.947033514,0.394020069,0.270449119,0.156723088,0.744549938
2013/11/1,0.818090452,0.336155276,0.357598499,0.8625,14.29133143,2.124905714,5.062714286,19.9,0.434071222,0.94667439,0.487000743,0.295194095,0.193633075,0.816883077
2013/11/9,0.82289138,0.333277228,0.35869242,0.65,9.907611429,2.224112286,-0.254,4.4,0.434071222,0.947437198,0.068209452,0.291596535,0.027142152,0.078414361
2013/11/17,0.827692308,0.330399181,0.359786341,0.05,10.61568,1.767880857,2.276285714,8.2,0.434071222,0.948200006,0.282355427,0.287998976,0.112446355,0.343782801
2013/11/25,0.847230321,0.308427086,0.421265141,0.2125,9.943174286,0.704870857,-4.526857143,36.2,0.434071222,0.991070122,0,0.260533858,0,0
2013/12/3,0.812306167,0.32286357,0.423235213,0,6.380048571,0.842867286,-1.337142857,11.5,0.434071222,0.992443884,0,0.278579463,0,0
2013/12/11,0.777382012,0.337300054,0.425205284,0,10.34393143,2.139528286,-12.51485714,0.004,0.434071222,0.993817645,0,0.296625068,0,0
2013/12/19,0.458677686,0.326102923,0.808710504,0,3.979517143,0.994172,-6.829428571,0,0.434071222,1.261241754,0,0.282628654,0,0
2013/12/27,0.452719481,0.341174996,0.669509017,0,5.340540001,1.454036857,-10.57442857,14.242,0.434071222,1.164174409,0,0.301468745,0,0
2014/1/1,0.446761276,0.356247068,0.53030753,0.2375,,0.778803657,-14.45685714,15.391,0.449800266,1.0555299,0,0.320308835,0,
2014/1/9,0.440803071,0.37131914,0.391106043,0.1,9.784208571,0.612497229,-3.214571429,33.5,0.449800266,0.959515649,0,0.339148925,0,0
2014/1/17,0.7198755,0.318537756,0.606979643,0,6.393034285,0.904987143,-6.710571429,0.3,0.449800266,1.108414504,0,0.273172195,0,0
2014/1/25,0.837535014,0.394860959,0.415536375,0.025,13.95599143,1.527665143,-11.997,0.3,0.449800266,0.976366475,0,0.368576199,0,0
2014/2/2,0.226126499,0.257097199,0.748820755,0.025,13.89337714,1.506012,-6.885428571,3.7,0.449800266,1.206249437,0,0.196371499,0,0
2014/2/10,0.367955767,0.31102059,0.6641475,0.125,14.845068,1.619452571,-8.824142857,1.029,0.449800266,1.147846044,0,0.263775738,0,0
2014/2/18,0.509785036,0.36494398,0.579474246,0,18.96374571,2.161447143,-2.948857143,10.8,0.449800266,1.089442652,0,0.331179975,0,0
2014/2/26,0.651614305,0.418867371,0.494800992,0.05,26.2161024,1.104661,-9.765857143,0.482,0.449800266,1.031039259,0,0.398584214,0,0
2014/3/6,0.793443574,0.472790762,0.410127737,0.125,27.82774286,0.4911875,-5.689857143,1.5,0.449800266,0.972635866,0,0.465988452,0,0
2014/3/14,0.739279843,0.446446937,0.421084745,0.25,29.30623714,2.111061486,-6.591285714,6.7,0.449800266,0.980193464,0,0.433058671,0,0
2014/3/22,0.685116112,0.420103112,0.432041753,0.675,29.09826,1.576513286,-5.192428571,0.5,0.449800266,0.987751062,0,0.40012889,0,0
2014/3/30,0.630952381,0.393759287,0.442998761,2,31.91371714,1.762219571,1.676142857,19.2,0.449800266,0.995308661,0.233982511,0.367199109,0.097811624,1.146223953
2014/4/7,0.759481361,0.428885228,0.367598891,2.45,38.97426857,3.586526571,6.557142857,10.5,0.449800266,0.943301586,0.583081356,0.411106535,0.231009059,3.701360317
2014/4/15,0.722882615,0.365872001,0.382002384,1.3125,36.53421429,3.498154286,4.407714286,15.9,0.449800266,0.953236398,0.441864831,0.332340001,0.176904689,2.14793796
2014/4/23,0.718350814,0.385198377,0.312712498,3.2625,25.27040571,6.312134286,6.024714286,19.4,0.449800266,0.905443687,0.549954531,0.356497971,0.209140201,1.884112355
2014/5/1,0.713819013,0.404524753,0.243422612,5.775,27.11460857,5.831587143,8.341857143,34.5,0.449800266,0.857650975,0.685139046,0.380655941,0.246796272,2.547267452
2014/5/9,0.742264003,0.367233828,0.320665083,4.4,39.99949714,6.791478571,11.71271429,4,0.449800266,0.910928984,0.839642439,0.334042285,0.321238946,4.292241704
2014/5/17,0.726372637,0.474780358,0.300045188,8.2,26.46619714,6.34219,13.16757143,25.1,0.449800266,0.896706407,0.890631365,0.468475448,0.335426638,4.158875568
2014/5/25,0.808378871,0.426402767,0.368624207,8.775,36.078408,7.735961429,12.76742857,3.963,0.449800266,0.944008798,0.877560624,0.408003459,0.347938479,5.121694512
2014/6/2,0.803183024,0.539942939,0.334249264,8.3875,38.49908553,7.367915714,16.69314286,12.034,0.449800266,0.920298675,0.974166957,0.549928674,0.376540315,7.972017813
2014/6/10,0.804917157,0.531610717,0.340611354,10.575,49.92672,6.008764286,16.84528571,31.47,0.449800266,0.924686928,0.97648089,0.539513396,0.379234428,10.21510947
2014/6/18,0.856029685,0.44865811,0.450275442,9.6625,41.81942571,7.985712857,17.446,24.4,0.449800266,1.000327753,0.984563119,0.435822638,0.413652041,7.539161049
2014/6/26,0.854160175,0.511514201,0.411960133,10.1125,40.90705714,9.082771429,20.57542857,37.6,0.449800266,0.973899761,0.999210542,0.514392751,0.408714982,8.600300669
2014/7/4,0.781021996,0.489669349,0.364189022,7.05,33.46222909,10.15790429,20.87442857,54.138,0.449800266,0.940949629,0.998175665,0.487086686,0.394477869,6.429597267
2014/7/12,0.707883817,0.467824497,0.31641791,9.6375,36.45393428,9.970181429,20.64771429,22.5,0.449800266,0.907999495,0.998999567,0.459780621,0.380978263,6.385505256
2014/7/20,0.85892323,0.610041071,0.373733653,7.9625,43.26338571,8.409514286,20.51857143,3.8,0.449800266,0.94753304,0.999358932,0.637551339,0.397708755,10.96985322
2014/7/28,0.866666667,0.535028352,0.401557286,8.775,28.65990857,6.756912857,18.93471429,9.9,0.449800266,0.966724396,0.997304851,0.54378544,0.40492995,6.31076889
2014/8/5,0.882212257,0.549944092,0.415467626,7.775,36.55926,6.495942857,19.68528571,13.2,0.449800266,0.976319055,0.999764355,0.562430115,0.409957376,8.429555375
2014/8/13,0.860869565,0.400080824,0.438172043,8.1875,25.06206857,6.358175714,16.78671429,41.3,0.449800266,0.991979431,0.975602833,0.37510103,0.406466736,3.821115638
2014/8/21,0.872696817,0.493371212,0.395755306,6.6,36.9747,7.503164286,20.55185714,0,0.449800266,0.962722479,0.999273936,0.491714015,0.404049862,7.346021726
2014/8/29,0.849253213,0.467620396,0.40660502,5.475,28.87102286,6.450195714,18.91057143,3.1,0.449800266,0.970206071,0.997181467,0.459525495,0.406338035,5.390874961
2014/9/6,0.86711807,0.407988531,0.3975293,5.975,32.28798857,5.323958571,16.44342857,8.5,0.449800266,0.963946092,0.970135748,0.384985664,0.392766596,4.882250889
2014/9/14,0.843862069,0.556789225,0.377860235,6.2375,27.514044,7.030687143,10.142,1,0.449800266,0.95037935,0.773924961,0.570986531,0.308919367,4.853169141
2014/9/22,0.782192789,0.409855028,0.395563238,3.85,28.82044286,4.887812857,14.37642857,0.6,0.449800266,0.96259,0.925698298,0.387318785,0.374248528,4.177623641
2014/9/30,0.714173845,0.337927968,0.309994016,3.75,16.49828572,4.354481429,12.38114286,12,0.449800266,0.903568613,0.864255322,0.29740996,0.327983873,1.609336342
2014/10/8,0.76767222,0.340224289,0.353326439,2.525,11.01276,3.817478571,10.09514286,29.3,0.449800266,0.93345716,0.771795565,0.300280361,0.302584,1.000619737
2014/10/16,0.795454545,0.328799575,0.351431759,2.9,,2.517778571,11.82185714,35.9,0.449800266,0.932150304,0.843798611,0.285999469,0.330349795,
2014/10/24,0.847513812,0.323902027,0.360455655,0.7875,,1.564632286,7.876285714,57,0.449800266,0.938374538,0.659855631,0.279877534,0.260060524,
2014/11/1,0.797378639,0.320589802,0.437811905,0.7625,,1.550047429,3.872857143,18.884,0.449800266,0.991731026,0.403649278,0.275737253,0.168130835,
2014/11/9,0.747243465,0.317277577,0.515168155,0.275,,1.030798,3.474285714,4.4,0.449800266,1.045087513,0.374379965,0.271596971,0.164329127,
2014/11/17,0.697108292,0.313965352,0.592524405,0.3,,0.129884214,-2.792428571,13.999,0.449800266,1.098444001,0,0.26745669,0,
2014/11/25,0.646973118,0.310653127,0.669880655,0.0125,,0.023786657,0.621428571,10.2,0.449800266,1.151800489,0.145317831,0.263316409,0.070298402,
2014/12/3,0.596837945,0.307340902,0.747236905,0,,0.145650057,-7.252285714,6.5,0.449800266,1.205156976,0,0.259176128,0,
2014/12/11,0.496249709,0.340690265,0.679262192,0.125,,0.926909,0.437857143,47.6,0.449800266,1.158271406,0.129412213,0.300862831,0.062955676,
2014/12/19,0.395661473,0.374039628,0.611287478,0.075,,0.972534571,-2.419571429,19.2,0.449800266,1.111385834,0,0.342549535,0,
2014/12/27,0.415216623,0.365510194,0.636328702,0,,1.036282257,-3.244,1,0.449800266,1.128658023,0,0.331887742,0,
2015/1/1,0.434771773,0.356980761,0.661369926,0,,0.231371314,-10.50257143,0,0.453439153,1.143061216,0,0.321225951,0,
2015/1/9,0.454326923,0.348451327,0.68641115,0.075,,0.064648686,-12.68057143,0,0.453439153,1.160290162,0,0.310564159,0,
2015/1/17,0.661150512,0.315046375,0.448299553,0,,0.073834814,-6.967142857,16.2,0.453439153,0.996463835,0,0.268807969,0,
2015/1/25,0.795389049,0.331147016,0.464733542,0,,0.05818363,-8.652142857,0.1,0.453439153,1.007770803,0,0.28893377,0,
2015/2/2,0.78586307,0.342458605,0.477728762,0,,0.079595243,-14.05928571,0,0.453439153,1.016711817,0,0.303073256,0,
2015/2/10,0.776337092,0.353770193,0.490723982,0,,0.085098029,-14.89514286,0,0.453439153,1.025652831,0,0.317212741,0,
2015/2/18,0.766811113,0.365081782,0.503719202,0,,0.118176586,-9.988857143,0,0.453439153,1.034593845,0,0.331352228,0,
2015/2/26,0.757285135,0.37639337,0.516714422,0.1375,,0.135926486,-8.729285714,0,0.453439153,1.043534859,0,0.345491713,0,
2015/3/6,0.722643499,0.38920685,0.504316346,0,,0.137412271,-3.648285714,0,0.453439153,1.035004694,0,0.361508563,0,
2015/3/14,0.688001864,0.40202033,0.49191827,0.25,,0.101195614,-5.372,3.2,0.453439153,1.026474529,0,0.377525412,0,
2015/3/22,0.653360228,0.414833809,0.479520194,0.45,,0.093626877,-2.100285714,3.3,0.453439153,1.017944364,0,0.393542261,0,
2015/3/30,0.618718593,0.427647289,0.467122118,2.2125,,0.167073343,0.628142857,7.3,0.453439153,1.009414199,0.145896937,0.409559111,0.061853585,
2015/4/7,0.685271705,0.404953724,0.417516602,3.1,,0.383083286,2.337428571,11.3,0.453439153,0.975284448,0.287198747,0.381192155,0.117642198,
2015/4/15,0.751824818,0.38226016,0.367911086,0.1375,,1.198576286,7.656857143,1,0.453439153,0.941154697,0.647610519,0.3528252,0.255990707,
2015/4/23,0.749607983,0.39147347,0.334893881,7.075,,1.763158571,5.813,13.5,0.453439153,0.918438091,0.536441743,0.364341838,0.206929183,
2015/5/1,0.747391148,0.400686781,0.301876676,5.4875,,2.80217,12.04785714,0,0.453439153,0.895721485,0.852234468,0.375858476,0.320613184,
2015/5/9,0.774104683,0.339221762,0.314732902,7.6125,,3.12839,11.83185714,8.7,0.453439153,0.904566868,0.844176736,0.299027203,0.320718008,
2015/5/17,0.797429621,0.48026243,0.321484814,7.475,,4.024014286,12.16,7.5,0.453439153,0.90921234,0.856335079,0.475328038,0.327007977,
2015/5/25,0.802092151,0.494104408,0.326505383,2.8625,,4.839545714,19.211,13.7,0.453439153,0.912666609,0.998520586,0.49263051,0.382752887,
2015/6/2,0.806754681,0.507946385,0.331525952,7.55,,5.725442857,10.62,20.7,0.453439153,0.916120877,0.795089664,0.509932981,0.305927261,
2015/6/10,0.811417211,0.521788362,0.336546521,6.0125,,6.517924286,18.38271429,32.4,0.453439153,0.919575146,0.993796239,0.527235453,0.383825535,
2015/6/18,0.854655564,0.440774576,0.421938479,10.2,,6.878731429,15.57342857,39.4,0.453439153,0.978326802,0.953832922,0.42596822,0.391927331,
2015/6/26,0.860622463,0.484903934,0.428200467,10.0125,,7.846624286,16.24814286,29.3,0.453439153,0.982635196,0.966781427,0.481129918,0.398997252,
2015/7/4,0.841077811,0.5581302,0.341614907,10.2,,8.909375714,19.79385714,0.6,0.453439153,0.923062313,0.999898871,0.57266275,0.387646965,
2015/7/12,0.86224754,0.593709884,0.367820464,1.375,,9.174171429,20.05871429,0.4,0.453439153,0.941092347,0.999991791,0.617137355,0.395255541,
2015/7/20,0.874417813,0.559421928,0.384075756,8.1625,,8.469834286,18.30871429,26.4,0.453439153,0.952276367,0.993216726,0.57427741,0.397243063,
2015/7/28,0.886588085,0.525133972,0.400331048,4.125,,7.331571429,21.138,13.3,0.453439153,0.963460386,0.996908185,0.531417465,0.403402249,
2015/8/5,0.936811872,0.400237238,0.405837387,7.775,,7.791244286,18.479,3.4,0.453439153,0.967248876,0.994511683,0.375296548,0.404014929,
2015/8/13,0.861241218,0.540371758,0.364377682,3.4125,,5.91985,21.81542857,5.8,0.453439153,0.938723633,0.992118837,0.550464698,0.391156667,
2015/8/21,0.863896913,0.473713967,0.370951467,6.7625,,6.092828571,21.04128571,15.4,0.453439153,0.94324655,0.997411974,0.467142459,0.39513827,
2015/8/29,0.866552609,0.407056176,0.377525253,6.95,,5.925905714,20.04985714,0,0.453439153,0.947769468,0.999994081,0.38382022,0.39806082,
2015/9/6,0.853323147,0.44394102,0.35190861,8,,4.803215714,20.34542857,23.8,0.453439153,0.930144621,0.999715669,0.429926275,0.390549664,
2015/9/14,0.864257382,0.395076154,0.372930867,6.075,38.829474,5.26588,19.67814286,17,0.453439153,0.944608424,0.999753541,0.368845193,0.396637759,5.68067169
2015/9/22,0.857560263,0.452303899,0.373110151,3.925,33.31022631,4.338187143,12.681,0,0.453439153,0.944731775,0.87464222,0.440379874,0.347046965,5.090885117
2015/9/30,0.793044953,0.37249512,0.352527191,3.2,21.43719411,4.23818,10.63028571,101,0.453439153,0.930570219,0.795533912,0.3406189,0.31092607,2.270355262
2015/10/8,0.759548611,0.348633357,0.375169607,1.0875,19.33086394,4.368727143,9.378428571,17.9,0.453439153,0.946148729,0.738011779,0.310791696,0.293272941,1.761946286
2015/10/16,0.760409771,0.351879472,0.327921987,1.5125,20.75665809,3.71618,4.622,1.8,0.453439153,0.913641265,0.456833179,0.31484934,0.175300291,1.145625982
2015/10/24,0.761270932,0.355125586,0.280674368,2.4375,15.97221771,2.561997143,5.984142857,27.2,0.453439153,0.881133803,0.547380013,0.318906983,0.202572314,1.031832822
2015/11/1,0.861241218,0.540371758,0.364377682,1.3625,11.57996057,2.18339,7.36,1.3,0.453439153,0.938723633,0.630710059,0.550464698,0.248666224,1.585087905
2015/11/9,0.811938722,0.319330175,0.282722513,0.6,14.19065897,2.304191429,5.040285714,8.9,0.453439153,0.882542974,0.485485565,0.274162719,0.179953987,0.700119922
2015/11/17,0.836392239,0.327461608,0.327520849,0.3125,9.409040229,1.386786714,3.136571429,26.8,0.453439153,0.913365273,0.349052348,0.28432701,0.133901163,0.35821832
2015/11/25,0.767605634,0.277083422,0.310704961,0.4875,11.37735411,0.678573286,-1.195285714,2.6,0.453439153,0.90179555,0,0.221354278,0,0
2015/12/3,0.78049847,0.350082372,0.316095669,0.4375,9.678168515,0.793012714,1.792714286,18.7,0.453439153,0.905504483,0.243496711,0.312602965,0.092604692,0.280168475
2015/12/11,0.381886971,0.360201624,0.681726619,0.2625,6.287428029,0.386304243,2.808857143,36.4,0.453439153,1.157067095,0.324013312,0.32525203,0.157460159,0.322005826
2015/12/19,0.813897281,0.282804955,0.344982079,0.025,7.355432315,0.785293714,0.846571429,32.1,0.453439153,0.925379006,0.164634039,0.228506194,0.063986531,0.10754612
2015/12/27,0.567567568,0.378343419,0.552505148,0.05,7.840219628,0.145648429,-4.316857143,4.1,0.453439153,1.068159713,0,0.347929274,0,0
2016/1/1,0.567567568,0.378343419,0.552505148,0.05,11.35499657,0.060671,-5.188142857,4.6,0.6133154,0.962307276,0,0.347929274,0,0
2016/1/9,0.14656198,0.261160809,0.36361064,0,9.505347685,0.321815429,-3.980142857,33.1,0.6133154,0.845222602,0,0.201451011,0,0
2016/1/17,0.830864787,0.343119845,0.399561724,0.3,12.511116,0.102952986,-7.531285714,0.2,0.6133154,0.867506579,0,0.303899806,0,0
2016/1/25,0.068335364,0.187617831,0.056285589,0.375,12.01240826,0.010628994,-2.502,0.1,0.6133154,0.65472975,0,0.109522289,0,0
2016/2/2,0.082327113,0.226374712,0.06647001,0.1125,11.67071889,0.265128014,-0.547142857,9.5,0.6133154,0.661042478,0.041680132,0.15796839,0.011571982,0.02133416
2016/2/10,0.063238963,0.213038076,0.097156929,0.3375,17.8492464,0.072636531,-12.18842857,0,0.6133154,0.680063507,0,0.141297595,0,0
2016/2/18,,,,0.125,19.67495734,0.118870429,-2.411428571,6.8,0.6133154,,0,,,
2016/2/26,0.804655408,0.336745998,0.436773256,0.95,17.13310997,0.240188143,-1.077142857,44,0.6133154,0.890571835,0,0.295932498,0,0
2016/3/5,0.772660819,0.401641524,0.351727982,0.9875,21.62166609,0.393217357,-0.494428571,7.3,0.6133154,0.837857236,0.046476924,0.377051905,0.016355231,0.133335867
2016/3/13,0.743615935,0.296344541,0.358535615,0.3375,22.25850814,1.257325857,2.373714286,14.1,0.6133154,0.84207689,0.290065615,0.245430676,0.102588171,0.560431046
2016/3/21,0.747975709,0.301177813,0.356637863,0.85,24.18433869,0.496433714,-2.414571429,6.4,0.6133154,0.840900585,0,0.251472266,0,0
2016/3/29,0.744584547,0.348295434,0.332383204,1.4125,18.53788628,1.879169571,4.396428571,36,0.6133154,0.825866538,0.441071063,0.310369293,0.152991649,0.880251322
2016/4/6,0.741193386,0.395413055,0.308128544,3.65,31.70525091,1.614292571,0.917428571,29.4,0.6133154,0.810832491,0.170669582,0.369266319,0.058121466,0.680467599
2016/4/14,0.750465549,0.325577638,0.268128162,2.85,46.94015906,3.68931,7.160857143,0,0.6133154,0.78603859,0.619157389,0.281972048,0.204406272,2.705483148
2016/4/22,0.746962715,0.35378388,0.289823693,2.825,47.90510357,3.544601429,7.440857143,0.2,0.6133154,0.799486383,0.635351438,0.31722985,0.213341026,3.242128381
2016/4/30,0.751210068,0.316579634,0.27844523,5.45,32.15157043,4.223315714,6.663285714,23.8,0.6133154,0.792433538,0.589538707,0.270724543,0.196211502,1.707867924
2016/5/8,0.732191514,0.364492501,0.256707145,7.0375,43.31006614,5.371202857,11.17771429,8.6,0.6133154,0.778959368,0.818496548,0.330615626,0.267781733,3.834362517
2016/5/16,0.750609261,0.360388471,0.275525303,8.1,40.47894489,5.391354286,11.74814286,11.4,0.6133154,0.790623646,0.840997429,0.325485589,0.27926323,3.679380528
2016/5/24,0.797286512,0.392503536,0.332150251,9.525,41.11779008,6.945214286,15.516,7.8,0.6133154,0.825722144,0.952633654,0.36562942,0.330376495,4.966838518
2016/6/1,0.854443104,0.425017001,0.397575758,7.4625,43.20823372,8.300754286,16.28385714,21.3,0.6133154,0.866275595,0.967408092,0.406271251,0.351977648,6.178708273
2016/6/9,0.759165826,0.462860424,0.368035574,11.875,31.14582017,4.382175286,12.73971429,18.9,0.6133154,0.84796536,0.876628485,0.45357553,0.312207247,4.410546131
2016/6/17,0.844583987,0.42418986,0.432926829,10.8125,58.77901723,7.330434286,17.69171429,2.5,0.6133154,0.888187659,0.987383191,0.405237325,0.368332257,8.77347242
2016/6/25,0.834804095,0.454877673,0.396560989,8.525,50.11765149,9.023148571,19.27642857,2.9,0.6133154,0.865646599,0.998755583,0.443597091,0.363119137,8.07288078
2016/7/3,0.861638492,0.592030021,0.394506137,9.9375,44.25854426,7.211531429,18.14928571,22.2,0.6133154,0.864372916,0.991880674,0.615037526,0.360089012,9.801862578
2016/7/11,0.864652568,0.527071823,0.401771519,10.95,49.34945237,7.930204286,21.06071429,16.4,0.6133154,0.868876302,0.997314373,0.533839779,0.363947986,9.588100779
2016/7/19,0.894224078,0.497522069,0.449800266,8.1,50.83189689,7.784597143,20.90657143,6.2,0.6133154,0.898646518,0.99803893,0.496902586,0.376691368,9.514659294
2016/7/27,0.863553826,0.596060877,0.396035756,8.9375,46.51716291,9.538045714,21.64642857,7.9,0.6133154,0.865321038,0.993520488,0.620076096,0.361079955,10.41505551
2016/8/4,0.858067493,0.586512755,0.40153445,3.8875,53.31233314,7.920538571,20.83385714,10.9,0.6133154,0.868729357,0.998341188,0.608140944,0.364261085,11.80985894
2016/8/12,0.85258116,0.576964633,0.407033145,8.8625,29.41648792,6.959712857,19.33657143,42.5,0.6133154,0.872137677,0.998953706,0.596205791,0.365914569,6.417512337
2016/8/20,0.838129496,0.518027198,0.399361022,8.3375,46.60545111,6.61014,19.63471429,16.3,0.6133154,0.867382176,0.999682577,0.522533998,0.364184876,8.868969778
2016/8/28,0.848319448,0.540703849,0.383953538,7.0875,35.23029994,7.886105714,19.13028571,1.8,0.6133154,0.857831976,0.998202762,0.550879811,0.359641904,6.979808153
2016/9/5,0.85106383,0.428894802,0.408273381,5.2125,36.84605246,6.731774286,20.04171429,0.9,0.6133154,0.872906427,0.999995857,0.411118503,0.36661918,5.55358177
2016/9/13,0.848067227,0.480388423,0.404701073,5.6875,33.62176723,5.986377143,15.39828571,5.4,0.6133154,0.870692162,0.950127911,0.475485529,0.347452948,5.554613462
2016/9/21,0.861064892,0.410421128,0.40780365,4.65,30.26818594,3.312477143,13.98857143,12.1,0.6133154,0.872615268,0.915172995,0.38802641,0.33540945,3.939335533
2016/9/29,0.825809029,0.403537542,0.426342072,3.625,28.7921196,3.847418571,11.26514286,1.5,0.6133154,0.884106153,0.822039827,0.379421928,0.305243597,3.334591405
2016/10/7,0.716660643,0.358732226,0.381617219,2.825,26.9922618,4.39189,11.40028571,8.8,0.6133154,0.856383829,0.827449521,0.323415283,0.297618043,2.598119203
2016/10/15,0.696110944,0.404534146,0.347222222,0.8375,22.41473477,3.430244286,9.585285714,0.2,0.6133154,0.835064379,0.747995898,0.380667682,0.262342386,2.238453501
2016/10/23,0.72065716,0.384600795,0.353838452,1.3375,12.06683743,2.331373143,5.554,65.3,0.6133154,0.839165393,0.519648205,0.355750994,0.183149732,0.786223229
2016/10/31,0.745203377,0.364667443,0.360454681,1.4625,12.29408949,2.534854286,4.848428571,8,0.6133154,0.843266407,0.472436429,0.330834304,0.167323704,0.680556793
2016/11/8,0.822742475,0.308554227,0.354037267,1.475,16.19034503,2.460837143,4.359714286,0,0.6133154,0.839288627,0.438485041,0.260692784,0.154566513,0.652379828
2016/11/16,0.816743342,0.324158971,0.37390786,0.4375,9.141947229,2.237101429,6.085571429,46.7,0.6133154,0.851605247,0.553802986,0.280198714,0.198081042,0.507396841
2016/11/24,0.810744209,0.339763714,0.393778452,0.2375,7.232120486,2.90826,0.619142857,45.7,0.6133154,0.863921867,0.145120645,0.299704643,0.052656618,0.114133223
2016/12/2,0.82064354,0.338979452,0.434721537,0,8.275725258,0.546419143,-1.815,32.6,0.6133154,0.889300094,0,0.298724315,0,0
2016/12/10,0.830542872,0.33819519,0.475664622,0.025,11.47926574,0.026501193,-7.515857143,0.1,0.6133154,0.914678321,0,0.297743988,0,0
2016/12/18,0.67398412,0.317393982,0.563699825,0.0375,7.381504543,0,-6.987857143,3.3,0.6133154,0.969246203,0,0.271742478,0,0
2016/12/26,0.595194628,0.326967339,0.601433567,0.0125,8.714366228,0,-3.888,8.2,0.6133154,0.992635146,0,0.283709174,0,0
2017/1/1,0.516405136,0.336540696,0.639167309,0,9.368840058,0.098301171,-4.335,3.8,0.453439153,1.127785298,0,0.29567587,0,0
2017/1/9,0.516405136,0.336540696,0.639167309,0.1125,11.55462429,0.003488064,-5.984714286,31,0.453439153,1.127785298,0,0.29567587,0,0
2017/1/17,0.516405136,0.336540696,0.639167309,0.125,10.11536563,0.181161629,-4.233571429,2.7,0.453439153,1.127785298,0,0.29567587,0,0
2017/1/25,0.842641663,0.394601199,0.517797179,0,9.3548016,0.13471172,-1.100714286,58.6,0.453439153,1.044279821,0,0.368251499,0,0
2017/2/2,0.420525948,0.424696813,0.634270415,0,16.0508412,0.003048573,-8.664714286,0.1,0.453439153,1.124416121,0,0.405871016,0,0
2017/2/10,0.520292748,0.349935114,0.583506584,0.4375,13.02725083,0.065197786,-10.04785714,2.9,0.453439153,1.089489423,0,0.312418893,0,0
2017/2/18,0.596330275,0.383171041,0.54488655,0.2375,21.9696408,0.037926443,-0.655857143,7.1,0.453439153,1.06291794,0.03175136,0.353963801,0.014174618,0.110228315
2017/2/26,0.678613627,0.372976015,0.500175994,0.125,18.45251177,0.068994157,3.470428571,12.2,0.453439153,1.032156035,0.374093419,0.341220019,0.162171568,1.021091612
2017/3/6,0.619335347,0.406584689,0.482710927,0.1125,23.8857624,0.753829286,-5.317571429,13.4,0.453439153,1.020139662,0,0.383230861,0,0
2017/3/14,0.587038952,0.375325076,0.471867008,0.2125,30.01951723,0.125024506,-3.993,1.7,0.453439153,1.012678794,0,0.344156345,0,0
2017/3/22,0.642857143,0.348201183,0.486627043,0.8375,33.36066077,0.041637729,1.170142857,2.6,0.453439153,1.022834042,0.192025077,0.310251479,0.08249211,0.853809369
2017/3/30,0.671704635,0.37480403,0.418229737,3.0625,30.45330026,0.5394064,4.809142857,10.5,0.453439153,0.975775101,0.469744971,0.343505037,0.192513487,2.013857035
2017/4/7,0.700552127,0.401406878,0.349832431,2.1375,29.28906283,2.275467143,9.137428571,31.4,0.453439153,0.928716161,0.726141313,0.376758597,0.283239253,3.125518594
2017/4/15,0.717340772,0.303298345,0.357090375,3.2625,36.33308126,4.192304286,9.630285714,9.5,0.453439153,0.933709796,0.750142794,0.254122931,0.294174584,2.71613426
2017/4/23,0.751358696,0.417311248,0.258789063,3.3625,25.17115269,2.409201429,9.806142857,42.3,0.453439153,0.866076203,0.758446752,0.39663906,0.275886527,2.754413107
2017/5/1,0.711314985,0.436315888,0.280842298,3.4875,31.72498509,3.172472571,11.52457143,21.4,0.453439153,0.881249343,0.832352372,0.42039486,0.308074192,4.10879186
2017/5/9,0.73854898,0.416054545,0.250902093,7.3875,33.87496911,3.727137143,10.58785714,15.759,0.453439153,0.860649784,0.793698351,0.395068181,0.286900452,3.839566497
2017/5/17,0.787778997,0.415540801,0.32483731,6.175,16.66504224,4.936937143,15.26557143,3.291,0.453439153,0.911518936,0.947226284,0.394426001,0.362634172,2.383640092
2017/5/25,0.786900091,0.476060042,0.310314298,7.9,32.76204361,7.020141429,12.06685714,37.606,0.453439153,0.901526765,0.852933205,0.470075053,0.322955688,4.97371762
2017/6/2,0.802191927,0.532999432,0.311928391,8.9375,36.82640906,7.03174,12.94942857,9.5,0.453439153,0.902637299,0.883595619,0.54124929,0.334977872,6.676868643
2017/6/10,0.78950246,0.517080857,0.357809583,11.225,51.89470972,5.241402857,19.38971429,3.6,0.453439153,0.934204628,0.999114504,0.521351071,0.392018505,10.60620277
2017/6/18,0.834217507,0.477021083,0.381963527,9.8375,36.43116017,6.347624286,17.985,12.1,0.453439153,0.950823104,0.990378956,0.471276354,0.395503581,6.790458065
2017/6/26,0.636018086,0.440065834,0.317285356,7.525,44.13765868,6.398258571,17.50857143,14.488,0.453439153,0.906323016,0.985308066,0.425082293,0.375063098,7.036985288
2017/7/4,0.437818665,0.403110585,0.252607184,9.6,53.0142984,7.508075714,19.77614286,2.6,0.453439153,0.861822926,0.999880749,0.378888231,0.361922464,7.269753319
2017/7/12,0.854499043,0.502854139,0.372049103,9.975,41.06597323,7.760877143,18.63814286,12,0.453439153,0.944001749,0.995598427,0.503567674,0.394735596,8.162933417
2017/7/20,0.851676061,0.528009711,0.361395856,10.525,47.40841646,6.418115714,20.29528571,2.4,0.453439153,0.936672067,0.99979225,0.535012139,0.393320539,9.976212939
2017/7/28,0.881380302,0.471828818,0.403969957,9.2625,53.52597103,7.175851429,19.60985714,1.1,0.453439153,0.965964041,0.999637928,0.464786023,0.405558003,10.08952195
2017/8/5,0.8957902,0.500077053,0.453439153,9.475,42.31826228,7.942578571,19.04542857,14.1,0.453439153,1,0.99783538,0.500096316,0.41909086,8.869306648
2017/8/13,0.863065804,0.447040744,0.400629111,6.95,42.15577448,9.276075714,18.873,10.5,0.453439153,0.963665461,0.996983976,0.43380093,0.40351879,7.37923453
2017/8/21,0.853432282,0.512668103,0.378881988,6.6,41.09173226,12.46652143,19.31285714,8.7,0.453439153,0.948702933,0.998877633,0.515835129,0.398008019,8.436400459
2017/8/29,0.835864486,0.527596505,0.380324989,6.9625,39.47871369,15.20814429,15.14171429,0,0.453439153,0.949695752,0.944445146,0.534495631,0.376712928,7.949094833
2017/9/6,0.853432282,0.512668103,0.378881988,6.9625,27.590022,13.83225429,16.00257143,39.3,0.453439153,0.948702933,0.962312424,0.515835129,0.38343842,5.457058232
2017/9/14,0.837748344,0.403235446,0.396665618,6.225,36.41881629,5.341504286,18.90942857,0.3,0.453439153,0.960938485,0.997175558,0.379044307,0.402454235,5.555617111
2017/9/22,0.809036658,0.381937457,0.380611581,5.0125,35.70414506,3.514744286,20.205,0.6,0.453439153,0.949892934,0.999899892,0.352421821,0.398915093,5.019516638
2017/9/30,0.76535002,0.387540101,0.34225394,3.95,35.16322269,2.464837143,11.42557143,3.5,0.453439153,0.923501983,0.828452608,0.359425126,0.321332603,4.061176808
2017/10/8,0.735030646,0.316009243,0.328040419,3.7625,20.0397906,1.523292,14.02285714,22.5,0.453439153,0.913722749,0.916131095,0.270011554,0.351577725,1.902378282
2017/10/16,0.777673104,0.33623885,0.303626943,2.4375,23.88682594,2.808428571,12.03914286,0.2,0.453439153,0.896925709,0.851913451,0.295298563,0.320923292,2.263711183
2017/10/24,0.799121844,0.304615256,0.317524116,1.4875,14.72343428,3.089267143,12.73914286,75.9,0.453439153,0.906487288,0.876609229,0.25576907,0.333746752,1.256823215
2017/11/1,0.789423535,0.336064576,0.30461966,0.4625,12.15319937,2.279218571,8.451,15.9,0.453439153,0.897608722,0.690928722,0.29508072,0.260477132,0.934116531
2017/11/9,0.715481172,0.246590581,0.349318289,0.275,17.13938914,1.323602,-1.114857143,0.9,0.453439153,0.92836242,0,0.183238226,0,0
2017/11/17,0.820702403,0.35636889,0.229329173,0.35,11.44274143,0.445242571,0.228571429,25.3,0.453439153,0.845807112,0.111107811,0.320461113,0.039469826,0.144734024
2017/11/25,0.821888412,0.316882472,0.328118889,0.35,11.82157123,0.715031143,-0.082,0.3,0.453439153,0.913776739,0.083610045,0.27110309,0.032088384,0.102838923
2017/12/3,0.838509317,0.352820554,0.389169675,0,7.808181942,1.065546714,1.082571429,22.3,0.453439153,0.955781102,0.184655062,0.316025693,0.074125724,0.182911606
2017/12/11,0.421289355,0.264085334,0.820451272,0,9.740048377,0.672042143,-7.312142857,2.1,0.453439153,1.252512889,0,0.205106668,0,0
2017/12/19,0.265784335,0.321809489,0.769487413,0,8.681431885,0.050318466,-9.328571429,0.1,0.453439153,1.217448566,0,0.277261861,0,0
2017/12/27,0.422337278,0.291356261,0.719266875,0,12.75346749,0.090663243,-17.34057143,0,0.453439153,1.182895666,0,0.239195326,0,0
2018/1/1,0.500827815,0.29581459,0.607982262,0.0125,12.62716792,0.301560714,-16.10114286,0,0.453439153,1.10632926,0,0.244768237,0,0
2018/1/9,0.362796072,0.323978539,0.630833045,0.0125,8.195922772,0.291709857,-4.750142857,56.5,0.453439153,1.122051131,0,0.279973174,0,0
2018/1/17,0.292848769,0.313897964,0.687786961,0.075,11.20682674,0.1904576,-6.068714286,6.3,0.453439153,1.161236752,0,0.267372455,0,0
2018/1/25,0.62031107,0.302044817,0.625516292,0,13.16808694,0.128181986,-5.674857143,25.3,0.453439153,1.118393081,0,0.252556021,0,0
2018/2/2,0.647989289,0.321147953,0.579564974,0.1125,13.18962472,0.0831102,-7.573714286,18.2,0.453439153,1.086777503,0,0.276434941,0,0
2018/2/10,0.675667507,0.34025109,0.533613656,0.2875,15.72018403,0.083616003,-5.612428571,2.9,0.453439153,1.055161926,0,0.300313863,0,0
2018/2/18,0.703345725,0.359354226,0.487662338,0.6625,16.87527026,0.115043543,0.192571429,16.4,0.453439153,1.023546349,0.107940882,0.324192783,0.046402648,0.253861503
2018/2/26,0.800762631,0.327026396,0.41180867,0.0375,16.26364106,0.247837157,1.250428571,5.6,0.453439153,0.971357258,0.198753796,0.283782995,0.081085596,0.37423798
2018/3/6,0.768058078,0.331149751,0.419321619,0.1125,17.34546883,0.438959914,-0.285285714,3.4,0.453439153,0.976526342,0.065395029,0.288937189,0.026821187,0.13442111
2018/3/14,0.735353526,0.335273107,0.426834567,0.65,24.7498371,0.432558143,-2.700714286,9,0.453439153,0.981695425,0,0.294091384,0,0
2018/3/22,0.702648973,0.339396462,0.434347516,0.75,32.7794172,0.214733286,0.217714286,0.2,0.453439153,0.986864509,0.110153272,0.299245578,0.045656669,0.447850631
2018/3/30,0.669944421,0.343519818,0.441860465,1.1125,32.13370954,0.425559286,3.544,9.8,0.453439153,0.992033593,0.379548142,0.304399772,0.158140293,1.546848308
2018/4/7,0.698152127,0.342659692,0.393136163,1.825,42.16519054,0.619948286,-1.364857143,2.8,0.453439153,0.958510138,0,0.303324615,0,0
2018/4/15,0.726359833,0.341799567,0.344411861,3.1375,25.22482277,1.342743286,2.824,28.6,0.453439153,0.924986683,0.325180303,0.302249459,0.126330729,0.963169357
2018/4/23,0.715157681,0.395047391,0.330702447,6.525,39.212199,3.480031429,8.959,38.6,0.453439153,0.915554287,0.717187736,0.368809239,0.275782209,3.988313009
2018/5/1,0.75020475,0.360218648,0.258539458,5.7875,34.90192954,5.261047143,12.55528571,37.2,0.453439153,0.865904469,0.870336984,0.32527331,0.316524047,3.593391837
2018/5/9,0.758508159,0.330892821,0.302486188,7.0375,61.12389163,5.750607143,11.12885714,0,0.453439153,0.896140843,0.816501584,0.288616026,0.307314175,5.421432228
2018/5/17,0.793553338,0.40403251,0.322954996,9.25,46.47960077,5.190414286,11.94971429,14,0.453439153,0.91022386,0.84859933,0.380040637,0.32441445,5.730501328
2018/5/25,0.807202619,0.428659738,0.328697513,6.0625,50.10250269,7.681737143,15.35457143,1,0.453439153,0.914174845,0.949181116,0.410824673,0.36444135,7.501421772
2018/6/2,0.831083687,0.423778809,0.427111512,9.875,38.19330206,8.893418571,13.47214286,15.9,0.453439153,0.98188597,0.900093468,0.404723511,0.371191442,5.737776094
2018/6/10,0.8110634,0.567054003,0.331723626,9.475,51.60663283,10.14060429,15.89742857,31.3,0.453439153,0.916256882,0.960313628,0.583817504,0.369555468,11.1342833
2018/6/18,0.792014303,0.490188846,0.326130099,9.375,55.26718946,10.91041143,18.41328571,4.3,0.453439153,0.912408405,0.994028127,0.487736058,0.380923039,10.26808568
2018/6/26,0.856282919,0.44757335,0.498784933,10.625,44.80988014,10.93623,18.161,37.1,0.453439153,1.031198953,0.991982911,0.434466688,0.42963133,8.364234674
2018/7/4,0.842271293,0.505490345,0.377683416,10.075,54.7447716,11.87941857,22.92928571,3.9,0.453439153,0.947878288,0.979426235,0.506862931,0.389918282,10.8194897
2018/7/12,0.876110563,0.623485194,0.406475486,9.5375,43.58516966,15.22687143,19.46257143,1.3,0.453439153,0.967687903,0.99931319,0.654356493,0.40614978,11.58348868
2018/7/20,0.844216109,0.487296242,0.366069236,8.4375,49.87864129,13.58728571,21.05814286,4.3,0.453439153,0.939887462,0.997327395,0.484120303,0.393697716,9.506722243
2018/7/28,0.859639688,0.572262199,0.380714714,8.6,43.84936363,12.33336429,21.85657143,11.9,0.453439153,0.949963892,0.991756758,0.590327749,0.395695906,10.24278484
2018/8/5,0.859510551,0.553190304,0.375112721,4.1875,37.52804571,11.57003429,22.98128571,60,0.453439153,0.94610959,0.978686653,0.56648788,0.388896828,8.267628852
2018/8/13,0.859381415,0.534118409,0.369510728,7.25,40.93456166,12.66601429,20.62271429,13.3,0.453439153,0.942255288,0.99907536,0.542648011,0.395381297,8.782627876
2018/8/21,0.859252278,0.515046514,0.363908735,8.4125,41.58539126,11.88781714,18.24328571,8.3,0.453439153,0.938400987,0.992682879,0.518808143,0.391244529,8.441037952
2018/8/29,0.8735363,0.438582739,0.409277745,7.525,42.06601209,10.06470714,20.07742857,0.4,0.453439153,0.969615922,0.999985723,0.423228424,0.407232873,7.250183487
2018/9/6,0.868052779,0.433644934,0.387585388,6.175,42.92155234,10.14316143,16.70242857,0.1,0.453439153,0.954691075,0.974311269,0.417056167,0.390669835,6.993262779
2018/9/14,0.854482759,0.4756238,0.385725329,5.075,36.34822363,9.871,18.824,41.9,0.453439153,0.953411311,0.996716394,0.46952975,0.399117887,6.811574304
2018/9/22,0.845905867,0.489936144,0.406534021,3.8875,25.645185,8.230941429,11.902,24.8,0.453439153,0.967728176,0.846816374,0.48742018,0.344184987,4.302305695
2018/9/30,0.748331745,0.419576682,0.374812594,2.6125,18.15431374,2.052398,10.30914286,15.6,0.453439153,0.945903096,0.781441214,0.399470853,0.310450419,2.251423437
2018/10/8,0.71318822,0.320717055,0.356081081,1.975,18.15079551,4.373411429,9.935571429,26.1,0.453439153,0.933015378,0.764470819,0.275896319,0.299570473,1.50017034
2018/10/16,0.765745008,0.384452242,0.327367206,0.95,22.26537977,6.167208571,5.925714286,4.9,0.453439153,0.913259563,0.543659864,0.355565302,0.20853108,1.650898119
2018/10/24,0.79471891,0.373558616,0.316052467,1.4375,13.68650906,4.227944286,1.080857143,46.9,0.453439153,0.905474759,0.184510468,0.34194827,0.07016922,0.328397429
2018/11/1,0.813855356,0.354553463,0.326311628,0.275,9.179397514,2.826468571,4.295285714,61.8,0.453439153,0.912533301,0.433933022,0.318191829,0.1663109,0.48576242
2018/11/9,0.832991803,0.33554831,0.336570788,0,13.51503849,2.832680143,2.514428571,59.4,0.453439153,0.919591842,0.301130761,0.294435388,0.116305304,0.462814349
2018/11/17,0.40169442,0.350568558,0.6133154,0.275,11.3125284,2.122152857,-4.375428571,4.9,0.453439153,1.109998583,0,0.313210697,0,0
2018/11/25,0.528351953,0.353774191,0.582773705,0.0375,8.757103372,1.452608571,-1.461714286,2.7,0.453439153,1.088985185,0,0.317217739,0,0
2018/12/3,0.655009486,0.356979823,0.55223201,0.0875,8.427212742,1.329422429,-3.692,22.1,0.453439153,1.067971787,0,0.321224779,0,0
2018/12/11,0.781667019,0.360185456,0.521690316,0.0625,12.47141186,1.505681429,-7.839,0.4,0.453439153,1.04695839,0,0.32523182,0,0
2018/12/19,0.908324552,0.363391088,0.491148621,0,9.010104944,1.296998714,-0.634142857,42.1,0.453439153,1.025944993,0.033738401,0.32923886,0.014537772,0.043125963
2018/12/27,0.832396525,0.330976472,0.492922565,0.075,10.78278557,1.416912857,-7.183285714,13.8,0.453439153,1.027165507,0,0.28872059,0,0
2019/1/1,0.805210421,0.386420465,0.474304419,0.025,8.479501458,3.089942857,-6.18,8.4,0.453439153,1.014355789,0,0.358025581,0,0
2019/1/9,0.263082437,0.284864166,0.742828882,0.0125,11.16658363,4.880564286,-9.118714286,10,0.453439153,1.199106876,0,0.231080207,0,0
2019/1/17,0.565927655,0.337008385,0.596985323,0,9.727680601,4.328347143,-11.69585714,0,0.453439153,1.098763109,0,0.296260481,0,0
2019/1/25,0.671428571,0.380481223,0.547960309,0.075,12.94396174,5.226992857,-7.237,39.6,0.453439153,1.065032758,0,0.350601529,0,0
2019/2/2,0.68996139,0.350369762,0.528455858,0.0125,15.52975251,6.109657143,-7.434428571,7,0.453439153,1.051613241,0,0.312962202,0,0
2019/2/10,0.708494208,0.320258301,0.508951407,0,17.92700589,6.620855714,-7.424285714,4.6,0.453439153,1.038193724,0,0.275322876,0,0
2019/2/18,0.528784316,0.36001666,0.570704275,0.0375,21.45438103,7.711587143,-6.974285714,3,0.453439153,1.080681136,0,0.325020825,0,0
2019/2/26,0.349074424,0.399775018,0.632457143,0.1,24.76291217,8.209272857,-8.405285714,0.6,0.453439153,1.123168548,0,0.374718772,0,0
2019/3/6,0.446343064,0.38127179,0.580165408,0.325,27.66130457,8.825892857,-7.614285714,0,0.453439153,1.087190616,0,0.351589738,0,0
2019/3/14,0.543611704,0.362768561,0.527873673,0.5125,32.74885774,9.4698,-0.301857143,0.9,0.453439153,1.051212684,0.063902646,0.328460701,0.028213614,0.303485745
2019/3/22,0.640880344,0.344265333,0.475581938,1.675,33.14711134,9.620904286,0.124571429,22.8,0.453439153,1.015234752,0.101944243,0.305331666,0.043468882,0.43994259
2019/3/30,0.738148984,0.325762104,0.423290203,1.7125,28.97770629,8.700971429,2.573714286,17.7,0.453439153,0.97925682,0.305767752,0.28220263,0.125758566,1.02840135
2019/4/7,0.707553708,0.381867824,0.418537709,2.8125,,9.991287143,1.823571429,21.681,0.453439153,0.975986993,0.24600564,0.35233478,0.100841288,
2019/4/15,0.744055069,0.426134327,0.362836186,2.0625,,9.288307143,7.579714286,26.412,0.453439153,0.937663048,0.643255642,0.407667909,0.253325959,
2019/4/23,0.730950775,0.407411583,0.275211128,2.5,,6.823887143,7.681428571,31.009,0.453439153,0.877374966,0.648992174,0.384264479,0.239151984,
2019/5/1,0.736568458,0.400112973,0.248753739,3.775,,10.25102,7.818857143,9.312,0.453439153,0.859171666,0.656671181,0.375141216,0.236961175,
2019/5/9,0.759068518,0.33683081,0.288291243,1.775,40.34825118,11.22781,9.064714286,21.469,0.453439153,0.88637439,0.72250944,0.296038512,0.268973823,3.212794481
2019/5/17,0.767741973,0.398891637,0.305518201,5.5375,25.3381122,8.986775714,9.140428571,25.7,0.453439153,0.898226939,0.726290654,0.373614546,0.273997009,2.593844002
2019/5/25,0.776415428,0.460952464,0.322745159,8.725,34.7489658,9.450881429,11.67414286,24,0.453439153,0.910079487,0.838160839,0.45119058,0.320373055,5.022938831
2019/6/2,0.785088883,0.523013292,0.339972117,9.35,45.37269587,10.21771571,13.84528571,15,0.453439153,0.921932036,0.911110903,0.528766615,0.352792578,8.464046709
2019/6/10,0.857587549,0.433431662,0.39672323,9.1,48.18228943,8.434418571,15.991,32.2,0.453439153,0.960978124,0.962094953,0.416789577,0.388311925,7.798031952
2019/6/18,0.836041359,0.593001327,0.33345253,10.05,45.33955714,8.703528571,17.33057143,34.4,0.453439153,0.917446408,0.983140846,0.616251659,0.378831196,10.58476231
2019/6/26,0.838913455,0.500056482,0.375383888,8.125,37.45684363,8.128937143,17.31485714,44.1,0.453439153,0.946296159,0.982942405,0.500070603,0.390664941,7.31757094
2019/7/4,0.857819905,0.558459472,0.391522238,9.4125,57.67938797,8.499794286,21.99071429,19.5,0.453439153,0.95739972,0.990519485,0.57307434,0.398295692,13.16549571
2019/7/12,0.838978015,0.517557364,0.345652174,9.45,50.55651746,10.21977429,20.57014286,8.7,0.453439153,0.925840047,0.999224989,0.521946705,0.388551454,10.25302106
2019/7/20,0.836414566,0.543897996,0.341243863,9.65,50.39952969,9.820764286,20.94028571,15.6,0.453439153,0.922807027,0.997890188,0.554872495,0.386761232,10.81589884
2019/7/28,0.868336315,0.469893514,0.393648252,8.6,53.35480466,10.60235286,22.13085714,4.8,0.453439153,0.958862467,0.989134033,0.462366893,0.39834627,9.827001402
2019/8/5,0.876256767,0.44462758,0.383518677,8.675,43.741017,7.789862857,19.59742857,43.9,0.453439153,0.951893083,0.999614503,0.430784475,0.399640975,7.530415335
2019/8/13,0.856532878,0.404859934,0.415825464,9.0625,38.20768226,7.361368571,18.48828571,5.8,0.453439153,0.974120906,0.994578371,0.381074918,0.406912625,5.924643494
2019/8/21,0.85045045,0.522316488,0.366297118,7.9,39.25534397,8.966547143,19.00714286,17.8,0.453439153,0.94004425,0.997658475,0.52789561,0.393894107,8.162558772
2019/8/29,0.871829105,0.398429873,0.40293529,6.8,37.58592831,7.515594286,16.77385714,29.7,0.453439153,0.965252166,0.975407952,0.373037341,0.395436148,5.544392342
2019/9/6,0.825869089,0.497340726,0.376948512,6.7375,33.44158646,6.969381429,13.62057143,7.9,0.453439153,0.947372657,0.904551894,0.496675908,0.359918047,5.9781057
2019/9/14,0.819701927,0.440223333,0.364032698,6.6375,33.40169306,6.28461,12.757,0.6,0.453439153,0.938486276,0.877210278,0.425279166,0.345764919,4.91160595
2019/9/22,0.789141856,0.430948738,0.355266649,2.725,28.16084469,5.061368571,16.54871429,36.8,0.453439153,0.93245503,0.971870736,0.413685923,0.380614818,4.434065573
2019/9/30,0.807657247,0.35938831,0.364293086,3.2875,22.1793786,3.231138143,9.527428571,4.3,0.453439153,0.938665429,0.745222438,0.324235387,0.293796106,2.112787521
2019/10/8,0.719474498,0.360978636,0.271791941,2.1375,20.06251303,1.144814286,10.669,17.3,0.453439153,0.875022486,0.797201784,0.326223295,0.292979184,1.917507483
2019/10/16,0.834997373,0.333599261,0.325740319,1.7375,20.92919786,3.054538571,8.461285714,18.7,0.453439153,0.912140227,0.69147165,0.291999076,0.264902025,1.618897454
2019/10/24,0.752198241,0.365451085,0.290550486,1.3875,13.279635,1.388908143,7.399714286,49.3,0.453439153,0.887928802,0.632993307,0.331813856,0.236062255,1.040176908
2019/11/1,0.777691108,0.386164691,0.257726269,0.2375,14.31205071,1.950092429,7.789571429,20.2,0.453439153,0.865344976,0.65504172,0.357705864,0.238071566,1.218808444
2019/11/9,0.806443319,0.375540342,0.315862089,0.2125,10.36147371,1.161376857,-2.359142857,0.7,0.453439153,0.905343775,0,0.344425428,0,0
2019/11/17,0.835195531,0.364915992,0.373997909,0.2625,12.09863931,0.377602216,-2.198,18.6,0.453439153,0.945342573,0,0.33114499,0,0
2019/11/25,0.81517094,0.319661486,0.383550489,0,11.78544034,0.554132943,-0.024142857,27.7,0.453439153,0.951914971,0.088762961,0.274576858,0.035487812,0.114838886
2019/12/3,0.741719639,0.427365256,0.611764706,0.175,9.698338544,0.009056143,-4.937714286,0.2,0.453439153,1.108931669,0,0.40920657,0,0
2019/12/11,0.817091454,0.326908466,0.403861004,0.075,7.401406628,0,1.033428571,44.5,0.453439153,0.965889078,0.180505179,0.283635583,0.073226152,0.153723828
2019/12/19,0.790148764,0.333206757,0.440987575,0.1,8.665870885,0.0023062,-6.837857143,3.1,0.453439153,0.991433024,0,0.291508446,0,0
2019/12/27,0.763206075,0.339505048,0.478114146,0.0125,8.592133885,0,-3.662285714,2.8,0.453439153,1.01697697,0,0.29938131,0,0
2020/1/1,0.736263385,0.34580334,0.515240717,0.025,6.265373657,0,-1.479571429,4.4,0.453439153,1.042520916,0,0.307254175,0,0
2020/1/9,0.709320695,0.352101631,0.552367288,0.025,7.084421743,0,-4.771571429,13,0.453439153,1.068064862,0,0.315127039,0,0
2020/1/17,0.75653562,0.358554975,0.501288834,0.1125,13.001139,0,-10.11785714,1.2,0.453439153,1.032921695,0,0.323193719,0,0
2020/1/25,0.803750545,0.365008318,0.450210379,0.0125,12.63270394,0,-1.88,22.3,0.453439153,0.997778528,0,0.331260398,0,0
2020/2/2,0.730421687,0.360233223,0.378524295,0.05,11.86837843,0.012004376,-3.113142857,0,0.453439153,0.948456832,0,0.325291529,0,0
2020/2/10,0.676576274,0.355162758,0.39872274,0.125,12.87591814,0.076457943,-7.223285714,4.9,0.453439153,0.962353833,0,0.318953448,0,0
2020/2/18,0.622730862,0.350092293,0.418921186,0.5375,9.870174258,0.2009766,-7.333857143,0.6,0.453439153,0.976250834,0,0.312615366,0,0
2020/2/26,0.568885449,0.345021828,0.439119631,0.525,18.487503,0.035494396,-1.063,1.5,0.453439153,0.990147835,0,0.306277285,0,0
2020/3/5,0.62002462,0.339871339,0.387697715,0.9,27.4060026,0.108056254,1.448285714,8.8,0.453439153,0.954768359,0.215221166,0.299839174,0.086304271,0.709196128
2020/3/13,0.641427328,0.315078449,0.433130699,1.275,26.5353858,0.049431571,-0.845,15.3,0.453439153,0.98602731,0.014361,0.268848061,0.005947342,0.042428261
2020/3/21,0.622421176,0.341185508,0.410490694,1.65,29.8716372,0.260470171,-0.125,12.4,0.453439153,0.97045046,0.079771372,0.301481885,0.032513949,0.29281274
2020/3/29,0.751894695,0.354603258,0.366946779,1.9875,21.60559029,1.439074429,2.594285714,42.1,0.453439153,0.940491232,0.307373269,0.318254072,0.121414383,0.834853445
2020/4/6,0.722038871,0.373425884,0.313933968,3.2125,36.82126774,2.71174,3.590142857,11.3,0.453439153,0.904017182,0.382957541,0.341782355,0.145404083,1.829889968
2020/4/14,0.743503772,0.347339155,0.281972265,2.9875,38.7257022,2.066059286,4.257571429,29.7,0.453439153,0.882026786,0.43126021,0.309173944,0.159760884,1.912813561
2020/4/22,0.721500722,0.384630178,0.238836968,3.0625,46.35379954,2.313852429,4.247285714,6,0.453439153,0.852348697,0.430530208,0.355787723,0.154123982,2.541830093
2020/4/30,0.730091107,0.374197276,0.261165772,3.7875,37.57970494,4.80209,8.670571429,9.8,0.453439153,0.867711434,0.70241782,0.342746595,0.255988309,3.297210289
2020/5/8,0.738681493,0.363764375,0.283494576,8.125,41.03050294,3.674968571,5.939428571,18.1,0.453439153,0.883074172,0.544534376,0.329705469,0.201962982,2.732151427
2020/5/16,0.74880996,0.392634974,0.258166491,8.6375,51.6297132,5.388444286,11.99157143,12.7,0.453439153,0.865647859,0.850154988,0.365793718,0.309092635,5.837469327
2020/5/24,0.745650111,0.434598223,0.260680832,6.9625,61.19677395,7.747801429,17.20714286,0,0.453439153,0.867377784,0.981551129,0.418247779,0.35757777,9.152351338
2020/6/1,0.779302772,0.504693166,0.300822798,9.225,,9.612781429,14.51042857,2.3,0.453439153,0.894996392,0.929174775,0.505866458,0.34927539,
2020/6/9,0.790448625,0.499268739,0.304237824,11.0125,,8.848152857,15.52214286,2.6,0.453439153,0.89734601,0.952762661,0.499085924,0.359082264,
2020/6/17,0.810185185,0.515995872,0.346244889,9.5625,,10.01631571,21.66028571,0,0.453439153,0.926247849,0.993410741,0.51999484,0.386460716,
2020/6/25,0.854720181,0.550098232,0.34965035,9.275,,12.2472,20.36728571,12.5,0.453439153,0.928590885,0.999678531,0.56262279,0.389882796,
2020/7/3,0.855862316,0.466065292,0.451486259,10.0125,45.40853649,13.49352857,18.23585714,25.2,0.453439153,0.998656363,0.992620994,0.457581615,0.416340654,8.650772523
2020/7/11,0.862880886,0.481434257,0.374904166,7.575,43.67503877,9.916774286,21.17957143,7.2,0.453439153,0.945966099,0.996677839,0.476792821,0.395985848,8.245987503
2020/7/19,0.856229059,0.523054594,0.378733032,9.4875,41.24938415,9.030518571,21.13928571,29.2,0.453439153,0.948600448,0.996901185,0.528818243,0.397177583,8.663804135
2020/7/27,0.87426115,0.585483465,0.360905189,7.7875,43.42013846,8.913898571,22.81514286,26.8,0.453439153,0.936334477,0.981003555,0.606854331,0.385789929,10.16544854
2020/8/4,0.859708193,0.563276712,0.364628371,9.8375,46.63282152,9.506728571,21.65671429,10.797,0.453439153,0.938896113,0.993439115,0.57909589,0.391749172,10.57913753
2020/8/12,0.86846543,0.553842845,0.36201598,6.1875,47.512944,8.228864286,22.38557143,3.5,0.453439153,0.937098727,0.986372715,0.567303556,0.388218018,10.46413022
2020/8/20,0.851485646,0.514703018,0.3444439,7.3375,31.778112,8.534724286,17.94,22.085,0.453439153,0.925008727,0.989945505,0.518378773,0.384597457,6.335511867
2020/8/28,0.834505863,0.475563192,0.32687182,8.1625,37.2991443,7.411257143,14.80514286,51.818,0.453439153,0.912918726,0.936531357,0.46945399,0.359090345,6.2877553
2020/9/5,0.853521127,0.511728279,0.344992051,6.0375,38.86652932,7.585928571,17.68457143,1.166,0.453439153,0.925385867,0.987305201,0.514660349,0.383728077,7.675736345
2020/9/13,0.871204188,0.348627697,0.387961165,4.325,35.47408166,5.079175714,13.50814286,0.1,0.453439153,0.954949619,0.901184024,0.310784621,0.361445843,3.984867778
2020/9/21,0.774322523,0.357142857,0.356657609,3.6625,32.07916238,5.607218571,12.04628571,0,0.453439153,0.933412043,0.852176605,0.321428571,0.3340814,3.444766549
2020/9/29,0.751123076,0.358138114,0.315839811,3.6875,17.96134706,4.027701429,15.44371429,17.6,0.453439153,0.905328447,0.951102503,0.322672642,0.361645264,2.095964064
2020/10/7,0.727923628,0.35913337,0.275022014,2.4625,25.57661349,2.85451,10.41014286,4.6,0.453439153,0.877244852,0.785922879,0.323916713,0.289567656,2.398979001
2020/10/15,0.698584513,0.335345138,0.24618204,0.075,18.54168789,4.21851,9.063428571,83.6,0.453439153,0.857402278,0.722445013,0.294181422,0.26015892,1.419068077
2020/10/23,0.743955178,0.33663076,0.262221455,1.1375,12.45389709,3.668811429,7.017142857,10.7,0.453439153,0.868437769,0.610713041,0.29578845,0.222753834,0.820562511
2020/10/31,0.789325843,0.337916383,0.27826087,1.5375,10.58840511,1.250658571,0.175142857,16.1,0.453439153,0.87947326,0.106405756,0.297395479,0.039304027,0.123766173
2020/11/8,0.803097345,0.305542696,0.348779479,0.8,15.77224723,2.101697571,12.14485714,0.3,0.453439153,0.927991706,0.855784673,0.25692837,0.333547653,1.351647753
2020/11/16,0.815833801,0.306126749,0.284352661,0.5125,11.4623154,1.376762,1.049428571,12.6,0.453439153,0.883664554,0.18185741,0.257658436,0.067494398,0.199335407
2020/11/24,0.809915925,0.320972302,0.285207265,0.4375,7.382841685,0.244974529,0.152714286,48.9,0.453439153,0.884252542,0.104428371,0.276215377,0.038783242,0.079088897
2020/12/2,0.80399805,0.335817856,0.28606187,0,7.573644258,0.035190961,3.626428571,106.3,0.453439153,0.88484053,0.385632268,0.29477232,0.143313685,0.319947901
2020/12/10,0.795429031,0.354976369,0.29338817,0.1625,5.412696429,0.388597371,-1.598,9.5,0.453439153,0.889881195,0,0.318720461,0,0
2020/12/18,0.786860012,0.374134882,0.30071447,0.1375,9.309678428,0.190504637,-6.513714286,4.5,0.453439153,0.89492186,0,0.342668603,0,0
2020/12/26,0.778290993,0.393293395,0.30804077,,6.96458385,0.058202575,0.290875,19.4,0.453439153,0.899962525,0.116575968,0.366616744,0.044063881,0.112509764
